REM INSERTING into P_LOCALIDAD
SET DEFINE OFF;
Insert into P_LOCALIDAD (ID,DESCRIPCION) values ('1','ASUNCION');
Insert into P_LOCALIDAD (ID,DESCRIPCION) values ('2','LAMBARE');
Insert into P_LOCALIDAD (ID,DESCRIPCION) values ('3','SAN LORENZO');
Insert into P_LOCALIDAD (ID,DESCRIPCION) values ('4','FDO. DE LA MORA');
Insert into P_LOCALIDAD (ID,DESCRIPCION) values ('5','LUQUE');
Insert into P_LOCALIDAD (ID,DESCRIPCION) values ('6','MARIANO R. ALONSO');
Insert into P_LOCALIDAD (ID,DESCRIPCION) values ('7','LIMPIO');
Insert into P_LOCALIDAD (ID,DESCRIPCION) values ('8','CAPIATA');
Insert into P_LOCALIDAD (ID,DESCRIPCION) values ('9','ITAGUA');
Insert into P_LOCALIDAD (ID,DESCRIPCION) values ('10','ITA');
Insert into P_LOCALIDAD (ID,DESCRIPCION) values ('11','YPACARAI');
Insert into P_LOCALIDAD (ID,DESCRIPCION) values ('12','CAACUPE');
Insert into P_LOCALIDAD (ID,DESCRIPCION) values ('13','TOBATI');
Insert into P_LOCALIDAD (ID,DESCRIPCION) values ('14','ATYRA');
Insert into P_LOCALIDAD (ID,DESCRIPCION) values ('15','SAN BERNARDINO');
Insert into P_LOCALIDAD (ID,DESCRIPCION) values ('16','CIUDAD DEL ESTE');
Insert into P_LOCALIDAD (ID,DESCRIPCION) values ('17','ENCARNACION');
Insert into P_LOCALIDAD (ID,DESCRIPCION) values ('18','CNEL. OVIEDO');
Insert into P_LOCALIDAD (ID,DESCRIPCION) values ('19','PDTE. HAYES');
Insert into P_LOCALIDAD (ID,DESCRIPCION) values ('20','CONCEPCION');
REM INSERTING into P_DEPARTAMENTO
SET DEFINE OFF;
Insert into P_DEPARTAMENTO (ID,DESCRIPCION,ID_LOCALIDAD) values ('1','GERENCIA GENERAL','1');
Insert into P_DEPARTAMENTO (ID,DESCRIPCION,ID_LOCALIDAD) values ('2','GERENCIA ADMINISTRATIVA','1');
Insert into P_DEPARTAMENTO (ID,DESCRIPCION,ID_LOCALIDAD) values ('3','GERENCIA COMERCIAL','1');
Insert into P_DEPARTAMENTO (ID,DESCRIPCION,ID_LOCALIDAD) values ('4','COMERCIAL','2');
Insert into P_DEPARTAMENTO (ID,DESCRIPCION,ID_LOCALIDAD) values ('5','ADMINISTRACION','2');
Insert into P_DEPARTAMENTO (ID,DESCRIPCION,ID_LOCALIDAD) values ('6','RECURSOS HUMANOS','3');
Insert into P_DEPARTAMENTO (ID,DESCRIPCION,ID_LOCALIDAD) values ('7','INFORMATICA','1');
Insert into P_DEPARTAMENTO (ID,DESCRIPCION,ID_LOCALIDAD) values ('8','CONTABILIDAD','1');
Insert into P_DEPARTAMENTO (ID,DESCRIPCION,ID_LOCALIDAD) values ('9','TESORERIA','1');
Insert into P_DEPARTAMENTO (ID,DESCRIPCION,ID_LOCALIDAD) values ('10','SUMINISTROS','1');
Insert into P_DEPARTAMENTO (ID,DESCRIPCION,ID_LOCALIDAD) values ('11','PROYECTOS','2');
REM INSERTING into P_CLIENTE
SET DEFINE OFF;
Insert into P_CLIENTE (ID_CLIENTE,TIPO_CLIENTE,NOMBRE_CLIENTE,APELLIDO_RAZON,CEDULA,RUC,DIRECCION_CLIENTE,TELEFONO_CLIENTE,CORREO,ID_LOCALIDAD) values ('18','F','ENRIQUE','DIAZ BENZA','932123','923123-7','EEUU C/ MCAL. ESTIGARRIBIA','210382','EBD@EBD.COM.PY','1');
Insert into P_CLIENTE (ID_CLIENTE,TIPO_CLIENTE,NOMBRE_CLIENTE,APELLIDO_RAZON,CEDULA,RUC,DIRECCION_CLIENTE,TELEFONO_CLIENTE,CORREO,ID_LOCALIDAD) values ('19','J',null,'CONSTRUCTORA CHACO','887654-5','887654-5','CHOFERES DEL CHACO Nro. 343','654243','CCHACO@TIGO.COM.PY','1');
Insert into P_CLIENTE (ID_CLIENTE,TIPO_CLIENTE,NOMBRE_CLIENTE,APELLIDO_RAZON,CEDULA,RUC,DIRECCION_CLIENTE,TELEFONO_CLIENTE,CORREO,ID_LOCALIDAD) values ('20','F','ROMINA','COLMAN','2342344',null,'PADRE PUCHEU Nro. 4343','245766','RCOLMAN@HOTMAIL.COM','1');
Insert into P_CLIENTE (ID_CLIENTE,TIPO_CLIENTE,NOMBRE_CLIENTE,APELLIDO_RAZON,CEDULA,RUC,DIRECCION_CLIENTE,TELEFONO_CLIENTE,CORREO,ID_LOCALIDAD) values ('21','F','ROLANDO','CHAPARRO','3433456','3433456-0','LOMAS VALENTINAS Nro. 545','02833455','ROLANDOCH@GMAIL.COM','8');
Insert into P_CLIENTE (ID_CLIENTE,TIPO_CLIENTE,NOMBRE_CLIENTE,APELLIDO_RAZON,CEDULA,RUC,DIRECCION_CLIENTE,TELEFONO_CLIENTE,CORREO,ID_LOCALIDAD) values ('22','F','QUINTIN','FERNANDEZ','987778',null,'PASO DE PATRIA Nro. 344','0981777654','QUIFE_PY@HOTMAIL.COM','5');
Insert into P_CLIENTE (ID_CLIENTE,TIPO_CLIENTE,NOMBRE_CLIENTE,APELLIDO_RAZON,CEDULA,RUC,DIRECCION_CLIENTE,TELEFONO_CLIENTE,CORREO,ID_LOCALIDAD) values ('23','J',null,'CHACORE S.A.','8001912','8001912-3','MEDICOS DEL CHACO C/ MAYAS','554987','CHACORE@CHACORE.COM.PY','4');
Insert into P_CLIENTE (ID_CLIENTE,TIPO_CLIENTE,NOMBRE_CLIENTE,APELLIDO_RAZON,CEDULA,RUC,DIRECCION_CLIENTE,TELEFONO_CLIENTE,CORREO,ID_LOCALIDAD) values ('24','J',null,'GRICELDA TORALES','8883334','8883334-0','AVDA. RCA. ARGENTINA Nro. 343','610256','RECEPCION@GTORALES.COM.PY','10');
Insert into P_CLIENTE (ID_CLIENTE,TIPO_CLIENTE,NOMBRE_CLIENTE,APELLIDO_RAZON,CEDULA,RUC,DIRECCION_CLIENTE,TELEFONO_CLIENTE,CORREO,ID_LOCALIDAD) values ('25','F','NATALIA','BOGARIN','1744456',null,'PITIANTUTA Nro. 344','998765','BOG@GMAIL.COM','4');
Insert into P_CLIENTE (ID_CLIENTE,TIPO_CLIENTE,NOMBRE_CLIENTE,APELLIDO_RAZON,CEDULA,RUC,DIRECCION_CLIENTE,TELEFONO_CLIENTE,CORREO,ID_LOCALIDAD) values ('26','F','ELIZABETH','RAMIREZ','4887655',null,'CALLEJON ZARACHO Nro. 354','*','ERAMIREZ_89@YAHOO.COM.ES','8');
Insert into P_CLIENTE (ID_CLIENTE,TIPO_CLIENTE,NOMBRE_CLIENTE,APELLIDO_RAZON,CEDULA,RUC,DIRECCION_CLIENTE,TELEFONO_CLIENTE,CORREO,ID_LOCALIDAD) values ('27','J',null,'CONSTRUMIX S.R.L.','8876654','8876654-6','LOMA PLATA - CENTRO','0561-74644','SECRETARIA@CONSTRUMIX.COM.PY','19');
Insert into P_CLIENTE (ID_CLIENTE,TIPO_CLIENTE,NOMBRE_CLIENTE,APELLIDO_RAZON,CEDULA,RUC,DIRECCION_CLIENTE,TELEFONO_CLIENTE,CORREO,ID_LOCALIDAD) values ('28','J',null,'BOUGA ARQUITECTURA','8854433','8854433','RUTA 3 KM 25','786543','BARQUI@GMAIL.COM','7');
Insert into P_CLIENTE (ID_CLIENTE,TIPO_CLIENTE,NOMBRE_CLIENTE,APELLIDO_RAZON,CEDULA,RUC,DIRECCION_CLIENTE,TELEFONO_CLIENTE,CORREO,ID_LOCALIDAD) values ('29','J',null,'COLEGIO MA. AUXILIADORA','8443339','8443339-5','4TO. BARRIO','689776','CMA@MARIAAUXILIADORA.EDU.PY','5');
Insert into P_CLIENTE (ID_CLIENTE,TIPO_CLIENTE,NOMBRE_CLIENTE,APELLIDO_RAZON,CEDULA,RUC,DIRECCION_CLIENTE,TELEFONO_CLIENTE,CORREO,ID_LOCALIDAD) values ('30','J',null,'CLINICA FLEMMING','8854443','8854443-1','VENEZUELA Nro.4545','054388768','INFO@FLEMMING.COM.PY','15');
Insert into P_CLIENTE (ID_CLIENTE,TIPO_CLIENTE,NOMBRE_CLIENTE,APELLIDO_RAZON,CEDULA,RUC,DIRECCION_CLIENTE,TELEFONO_CLIENTE,CORREO,ID_LOCALIDAD) values ('31','F','MONICA','BELUCCI','2287762',null,'SUPERCARRETERA KM 4','061554678','MO_BELU@HOTMAIL.COM','16');
Insert into P_CLIENTE (ID_CLIENTE,TIPO_CLIENTE,NOMBRE_CLIENTE,APELLIDO_RAZON,CEDULA,RUC,DIRECCION_CLIENTE,TELEFONO_CLIENTE,CORREO,ID_LOCALIDAD) values ('32','F','LAZARO','FUENTES','76998',null,'AVDA. PRIMER PRESIDENTE S/N','071226543','LFUEN193@HOTMAIL.COM','17');
Insert into P_CLIENTE (ID_CLIENTE,TIPO_CLIENTE,NOMBRE_CLIENTE,APELLIDO_RAZON,CEDULA,RUC,DIRECCION_CLIENTE,TELEFONO_CLIENTE,CORREO,ID_LOCALIDAD) values ('33','F','ROBERTO','CODAS','1650100','1650100','RUTA 2 KM 69','0983778263','CODAS_R@GMAIL.COM','12');
Insert into P_CLIENTE (ID_CLIENTE,TIPO_CLIENTE,NOMBRE_CLIENTE,APELLIDO_RAZON,CEDULA,RUC,DIRECCION_CLIENTE,TELEFONO_CLIENTE,CORREO,ID_LOCALIDAD) values ('34','J',null,'CASA DEL MONTE S.A.','8882223','8882223-2','CAMINO SECUNDARIO, RAMAL RUTA 2','0981665345','RECEPCION@CDM.COM.PY','14');
REM INSERTING into P_PERSONAL
SET DEFINE OFF;
Insert into P_PERSONAL (ID_PERSONAL,NOMBRE,APELLIDO,TELEFONO,DIRECCION,ID_DEPARTAMENTO,SALARIO,PERFIL,FECHA_INICIO,PORC_BONIFICACION,ID_SUPERIOR,FOTO) values ('1','ANA','DIAZ','556321','GRAL. AQUINO Nro. 2870','1','20000000','PROFESIONAL DE TECNOLOGÍA',to_date('01/01/05','DD/MM/RR'),null,null,null);
Insert into P_PERSONAL (ID_PERSONAL,NOMBRE,APELLIDO,TELEFONO,DIRECCION,ID_DEPARTAMENTO,SALARIO,PERFIL,FECHA_INICIO,PORC_BONIFICACION,ID_SUPERIOR,FOTO) values ('2','JOSE','PEREZ','445998','RI3 CORRALES Nro.145','2','15000000','PROFESIONAL DE TECNOLOGÍA',to_date('10/02/08','DD/MM/RR'),null,'1',null);
Insert into P_PERSONAL (ID_PERSONAL,NOMBRE,APELLIDO,TELEFONO,DIRECCION,ID_DEPARTAMENTO,SALARIO,PERFIL,FECHA_INICIO,PORC_BONIFICACION,ID_SUPERIOR,FOTO) values ('3','PABLO','CORTAZAR','223098','AVDA. MCAL. LOPEZ Nro. 874','3','15000000','PROFESIONAL DE TECNOLOGÍA',to_date('07/07/09','DD/MM/RR'),null,'1',null);
Insert into P_PERSONAL (ID_PERSONAL,NOMBRE,APELLIDO,TELEFONO,DIRECCION,ID_DEPARTAMENTO,SALARIO,PERFIL,FECHA_INICIO,PORC_BONIFICACION,ID_SUPERIOR,FOTO) values ('4','RAQUEL','ROJAS','0981998345','AVDA. FDO. DE LA MORA Nro. 375','4','6000000','PROFESIONAL DE TECNOLOGÍA',to_date('15/07/07','DD/MM/RR'),null,'2',null);
Insert into P_PERSONAL (ID_PERSONAL,NOMBRE,APELLIDO,TELEFONO,DIRECCION,ID_DEPARTAMENTO,SALARIO,PERFIL,FECHA_INICIO,PORC_BONIFICACION,ID_SUPERIOR,FOTO) values ('5','MARIO','MOLAS','660706','RCA. ARGENTINA Nro. 653 C/ DR. HASSLER','4','2500000','PROFESIONAL DE CONSTRUCCION',to_date('20/09/06','DD/MM/RR'),null,'4',null);
Insert into P_PERSONAL (ID_PERSONAL,NOMBRE,APELLIDO,TELEFONO,DIRECCION,ID_DEPARTAMENTO,SALARIO,PERFIL,FECHA_INICIO,PORC_BONIFICACION,ID_SUPERIOR,FOTO) values ('6','JULIO','GONZALEZ','492150','ANTEQUERA Nro.652 C/ AZARA','4','2500000','PROFESIONAL DE CONSTRUCCION',to_date('01/02/10','DD/MM/RR'),null,'4',null);
Insert into P_PERSONAL (ID_PERSONAL,NOMBRE,APELLIDO,TELEFONO,DIRECCION,ID_DEPARTAMENTO,SALARIO,PERFIL,FECHA_INICIO,PORC_BONIFICACION,ID_SUPERIOR,FOTO) values ('7','LORENZO','CORONEL','662887','PALMA Y AYOLAS','5','5750000','PROFESIONAL DE CONSTRUCCION',to_date('09/11/09','DD/MM/RR'),null,'3',null);
Insert into P_PERSONAL (ID_PERSONAL,NOMBRE,APELLIDO,TELEFONO,DIRECCION,ID_DEPARTAMENTO,SALARIO,PERFIL,FECHA_INICIO,PORC_BONIFICACION,ID_SUPERIOR,FOTO) values ('8','JOSE','CARDOZO','220553','POZO FAVORITO Nro. 454','5','2500000','PROFESIONAL DE CONSTRUCCION',to_date('26/10/08','DD/MM/RR'),null,'7',null);
Insert into P_PERSONAL (ID_PERSONAL,NOMBRE,APELLIDO,TELEFONO,DIRECCION,ID_DEPARTAMENTO,SALARIO,PERFIL,FECHA_INICIO,PORC_BONIFICACION,ID_SUPERIOR,FOTO) values ('9','ENRIQUE','DEMESTRAL','980407','AVDA. PERON Nro.2345','5','2500000','PROFESIONAL DE CONSTRUCCION',to_date('22/08/05','DD/MM/RR'),null,'7',null);
Insert into P_PERSONAL (ID_PERSONAL,NOMBRE,APELLIDO,TELEFONO,DIRECCION,ID_DEPARTAMENTO,SALARIO,PERFIL,FECHA_INICIO,PORC_BONIFICACION,ID_SUPERIOR,FOTO) values ('10','BELINDA','AQUINO','560876','LAPACHO C/ CEDRO','6','2000000','PROFESIONAL DE TECNOLOGÍA',to_date('02/02/09','DD/MM/RR'),null,'2',null);
Insert into P_PERSONAL (ID_PERSONAL,NOMBRE,APELLIDO,TELEFONO,DIRECCION,ID_DEPARTAMENTO,SALARIO,PERFIL,FECHA_INICIO,PORC_BONIFICACION,ID_SUPERIOR,FOTO) values ('11','MARCIAL ','RIQUELME','615987','STA. TERESA 345','6','1409000','PROFESIONAL DE CONSTRUCCION',to_date('25/03/09','DD/MM/RR'),null,'2',null);
Insert into P_PERSONAL (ID_PERSONAL,NOMBRE,APELLIDO,TELEFONO,DIRECCION,ID_DEPARTAMENTO,SALARIO,PERFIL,FECHA_INICIO,PORC_BONIFICACION,ID_SUPERIOR,FOTO) values ('12','MARIO','BENITEZ','765999','PROCERES DE MAYO Nro. 9988','7','3500000','PROFESIONAL DE CONSTRUCCION',to_date('14/04/08','DD/MM/RR'),null,'2',null);
Insert into P_PERSONAL (ID_PERSONAL,NOMBRE,APELLIDO,TELEFONO,DIRECCION,ID_DEPARTAMENTO,SALARIO,PERFIL,FECHA_INICIO,PORC_BONIFICACION,ID_SUPERIOR,FOTO) values ('13','CLAUDIO','GIMENEZ','0985887654','PACHECO Nro. 456','7','3000000','PROFESIONAL DE CONSTRUCCION',to_date('18/07/06','DD/MM/RR'),null,'2',null);
Insert into P_PERSONAL (ID_PERSONAL,NOMBRE,APELLIDO,TELEFONO,DIRECCION,ID_DEPARTAMENTO,SALARIO,PERFIL,FECHA_INICIO,PORC_BONIFICACION,ID_SUPERIOR,FOTO) values ('14','LORENA','BERTRAN','0971554321','BERTONI Nro. 454','9','5000000','PROFESIONAL DE CONSTRUCCION',to_date('10/01/10','DD/MM/RR'),null,'2',null);
Insert into P_PERSONAL (ID_PERSONAL,NOMBRE,APELLIDO,TELEFONO,DIRECCION,ID_DEPARTAMENTO,SALARIO,PERFIL,FECHA_INICIO,PORC_BONIFICACION,ID_SUPERIOR,FOTO) values ('15','ANTONIO','GODOY','02833652','KM.20 RUTA 2','10','1409000','PROFESIONAL DE CONSTRUCCION',to_date('22/10/09','DD/MM/RR'),null,'2',null);
Insert into P_PERSONAL (ID_PERSONAL,NOMBRE,APELLIDO,TELEFONO,DIRECCION,ID_DEPARTAMENTO,SALARIO,PERFIL,FECHA_INICIO,PORC_BONIFICACION,ID_SUPERIOR,FOTO) values ('16','MIGUEL','CORREA','*','ARTIGAS 454','10','1409000','PROFESIONAL DE TECNOLOGÍA',to_date('07/07/03','DD/MM/RR'),null,'2',null);
Insert into P_PERSONAL (ID_PERSONAL,NOMBRE,APELLIDO,TELEFONO,DIRECCION,ID_DEPARTAMENTO,SALARIO,PERFIL,FECHA_INICIO,PORC_BONIFICACION,ID_SUPERIOR,FOTO) values ('17','JUAN','CARDENAS','543123','TTE. RIVAS 234','11','6000000','PROFESIONAL DE CONSTRUCCION',to_date('13/06/06','DD/MM/RR'),null,'3',null);
Insert into P_PERSONAL (ID_PERSONAL,NOMBRE,APELLIDO,TELEFONO,DIRECCION,ID_DEPARTAMENTO,SALARIO,PERFIL,FECHA_INICIO,PORC_BONIFICACION,ID_SUPERIOR,FOTO) values ('18','RAMON','MONGELOS','442134','AVDA. COLON C/ LONDRES','11','6000000','PROFESIONAL DE CONSTRUCCION',to_date('22/09/08','DD/MM/RR'),null,'3',null);
Insert into P_PERSONAL (ID_PERSONAL,NOMBRE,APELLIDO,TELEFONO,DIRECCION,ID_DEPARTAMENTO,SALARIO,PERFIL,FECHA_INICIO,PORC_BONIFICACION,ID_SUPERIOR,FOTO) values ('19','NOELIA','CACERES','0991677544','RI12 YTORORO C/ BOGGIANI','11','4000000','PROFESIONAL ADMINISTRATIVO',to_date('12/04/04','DD/MM/RR'),null,'17',null);
Insert into P_PERSONAL (ID_PERSONAL,NOMBRE,APELLIDO,TELEFONO,DIRECCION,ID_DEPARTAMENTO,SALARIO,PERFIL,FECHA_INICIO,PORC_BONIFICACION,ID_SUPERIOR,FOTO) values ('20','MARA','PERALTA','776654','SGTO. LOPEZ 134','11','2500000','PROFESIONAL ADMINISTRATIVO',to_date('03/12/07','DD/MM/RR'),null,'17',null);
Insert into P_PERSONAL (ID_PERSONAL,NOMBRE,APELLIDO,TELEFONO,DIRECCION,ID_DEPARTAMENTO,SALARIO,PERFIL,FECHA_INICIO,PORC_BONIFICACION,ID_SUPERIOR,FOTO) values ('21','LIZA','BOGADO','0961452336','LOPEZ MOREIRA Nro. 776','11','4000000','PROFESIONAL ADMINISTRATIVO',to_date('04/05/09','DD/MM/RR'),null,'18',null);
Insert into P_PERSONAL (ID_PERSONAL,NOMBRE,APELLIDO,TELEFONO,DIRECCION,ID_DEPARTAMENTO,SALARIO,PERFIL,FECHA_INICIO,PORC_BONIFICACION,ID_SUPERIOR,FOTO) values ('22','BENJAMIN','FERNANDEZ','334987','DE LA VICTORIA Nro. 456','11','2500000','PROFESIONAL ADMINISTRATIVO',to_date('06/02/06','DD/MM/RR'),null,'18',null);
Insert into P_PERSONAL (ID_PERSONAL,NOMBRE,APELLIDO,TELEFONO,DIRECCION,ID_DEPARTAMENTO,SALARIO,PERFIL,FECHA_INICIO,PORC_BONIFICACION,ID_SUPERIOR,FOTO) values ('23','CESAR','OVELAR','586838','GRAL. SANTOS Nro. 454','8','5000000','PROFESIONAL DE CONSTRUCCION',to_date('26/10/09','DD/MM/RR'),null,'2',null);
Insert into P_PERSONAL (ID_PERSONAL,NOMBRE,APELLIDO,TELEFONO,DIRECCION,ID_DEPARTAMENTO,SALARIO,PERFIL,FECHA_INICIO,PORC_BONIFICACION,ID_SUPERIOR,FOTO) values ('24','SARA','DEMESTRAL','550607','SATURIO RIOS Nro. 44','8','2000000','PROFESIONAL ADMINISTRATIVO',to_date('05/05/97','DD/MM/RR'),null,'23',null);
REM INSERTING into P_PROYECTO
SET DEFINE OFF;
Insert into P_PROYECTO (ID_PROYECTO,NOMBRE_PROYECTO,OBJETIVO,DESCRIPCION,FECHA_PREVISTA_INICIO,DURACION_PREVISTA,DURACION_REAL,ID_CLIENTE,COSTO_PREVISTO,COSTO_REAL,FECHA_FIN_REAL,ESTADO) values ('1','Construcción de Pabellón y Salas de Capacitación	','El proyecto tiene como objetivo dotar de un pabellón con 3 salas de capacitación para las tareas de entrenamiento a funcionarios municipales y ciudadanos  de la comunidad de Atyra','El proyecto contempla desde las obras preliminares de relleno de terreno, incluyendo la provisión de servicios básicos hasta el equipamiento total de las aulas',to_date('02/01/25','DD/MM/RR'),'180',null,'23','450000000',null,null,'EJE');
Insert into P_PROYECTO (ID_PROYECTO,NOMBRE_PROYECTO,OBJETIVO,DESCRIPCION,FECHA_PREVISTA_INICIO,DURACION_PREVISTA,DURACION_REAL,ID_CLIENTE,COSTO_PREVISTO,COSTO_REAL,FECHA_FIN_REAL,ESTADO) values ('2','Construcción de una sala informática','El objetivo consiste en dotar de una sala de Informática para la Escuela Básica Nº 5196 MÁRTIRES DE ACOSTA ÑU','El proyecto contempla desde la fase de limpieza de terreno, hasta la dotación de los elementos (escritorios, pizarra) etc, con excepción del equipamiento informático',to_date('04/03/25','DD/MM/RR'),'180',null,'19','150000000',null,null,'PLA');
REM INSERTING into P_CONTRATO
SET DEFINE OFF;
Insert into P_CONTRATO (ID,ID_PROYECTO,CONDICIONES,GARANTIA,FECHA_CONTRATO,FECHA_FIN,MOTIVO_FINALIZACION) 
values (1,1,q'[Los documentos contractuales, que forman parte integral del contrato, además de los documentos contractuales firmados por las partes, son los siguientes: Contrato y sus adendas o modificaciones. En caso de contradicción o discrepancia entre los mismos, la prioridad se dará en el orden enunciado anteriormente.
El plazo de vigencia del presente Contrato será desde la firma del contrato hasta el cumplimiento total de las obligaciones con el otorgamiento de la recepción definitiva de las obras.]','La garantía de fiel cumplimiento equivalente a 10% del total',to_date('06/01/2025','DD/MM/RRRR'),null,null);
Insert into P_CONTRATO (ID,ID_PROYECTO,CONDICIONES,GARANTIA,FECHA_CONTRATO,FECHA_FIN,MOTIVO_FINALIZACION) values (2,2, q'[El presente contrato tiene por objeto establecer las obligaciones que asumen LAS PARTES, en relación a la adjudicación de la convocatoria: CONSTRUCCIÓN DE UNA SALA INFORMÁTICA EN LA ESCUELA BÁSICA Nº 5196 MÁRTIRES DE ACOSTA ÑU. Forman parte de este contrato el presente documento y posibles adendas.La vigencia del contrato será hasta la recepción definitiva]','Garantía bancaria de fiel cumplimiento equivalente al 10% del total',to_date('17/02/2025','DD/MM/RRRR'),null,null);
REM INSERTING into P_CRONOGRAMA
SET DEFINE OFF;
Insert into P_CRONOGRAMA (ID_ACTIVIDAD,ID_PROYECTO,DESCRIPCION_ACTIVIDAD,FECHA_INICIO_PREVISTA,FECHA_FIN_PREVISTA,ES_HITO,FECHA_INICIO_REAL,FECHA_FIN_REAL,ACTIVIDAD_SUPERIOR) values ('1','1','Teareas preliminares',to_date('06/01/25','DD/MM/RR'),to_date('10/01/25','DD/MM/RR'),'N',null,null,null);
Insert into P_CRONOGRAMA (ID_ACTIVIDAD,ID_PROYECTO,DESCRIPCION_ACTIVIDAD,FECHA_INICIO_PREVISTA,FECHA_FIN_PREVISTA,ES_HITO,FECHA_INICIO_REAL,FECHA_FIN_REAL,ACTIVIDAD_SUPERIOR) values ('2','1','Desmonte y limpieza de suelo',to_date('06/01/25','DD/MM/RR'),to_date('10/01/25','DD/MM/RR'),'S',null,null,'1');
Insert into P_CRONOGRAMA (ID_ACTIVIDAD,ID_PROYECTO,DESCRIPCION_ACTIVIDAD,FECHA_INICIO_PREVISTA,FECHA_FIN_PREVISTA,ES_HITO,FECHA_INICIO_REAL,FECHA_FIN_REAL,ACTIVIDAD_SUPERIOR) values ('3','1','Cartelería, servicios sanitarios para personal',to_date('06/01/25','DD/MM/RR'),to_date('07/01/25','DD/MM/RR'),'N',null,null,'1');
Insert into P_CRONOGRAMA (ID_ACTIVIDAD,ID_PROYECTO,DESCRIPCION_ACTIVIDAD,FECHA_INICIO_PREVISTA,FECHA_FIN_PREVISTA,ES_HITO,FECHA_INICIO_REAL,FECHA_FIN_REAL,ACTIVIDAD_SUPERIOR) values ('4','1','Construcción',to_date('13/01/25','DD/MM/RR'),to_date('30/04/25','DD/MM/RR'),'N',null,null,null);
Insert into P_CRONOGRAMA (ID_ACTIVIDAD,ID_PROYECTO,DESCRIPCION_ACTIVIDAD,FECHA_INICIO_PREVISTA,FECHA_FIN_PREVISTA,ES_HITO,FECHA_INICIO_REAL,FECHA_FIN_REAL,ACTIVIDAD_SUPERIOR) values ('5','1','Colocación de hormigón armado',to_date('13/01/25','DD/MM/RR'),to_date('15/01/25','DD/MM/RR'),'S',null,null,'4');
Insert into P_CRONOGRAMA (ID_ACTIVIDAD,ID_PROYECTO,DESCRIPCION_ACTIVIDAD,FECHA_INICIO_PREVISTA,FECHA_FIN_PREVISTA,ES_HITO,FECHA_INICIO_REAL,FECHA_FIN_REAL,ACTIVIDAD_SUPERIOR) values ('6','1','Colocación de las vigas de fundación',to_date('15/01/25','DD/MM/RR'),to_date('24/01/25','DD/MM/RR'),'S',null,null,'4');
Insert into P_CRONOGRAMA (ID_ACTIVIDAD,ID_PROYECTO,DESCRIPCION_ACTIVIDAD,FECHA_INICIO_PREVISTA,FECHA_FIN_PREVISTA,ES_HITO,FECHA_INICIO_REAL,FECHA_FIN_REAL,ACTIVIDAD_SUPERIOR) values ('7','1','Losa, pilares, aislamiento,revoque y filtrado de paredes',to_date('27/01/25','DD/MM/RR'),to_date('28/02/25','DD/MM/RR'),'S',null,null,'4');
Insert into P_CRONOGRAMA (ID_ACTIVIDAD,ID_PROYECTO,DESCRIPCION_ACTIVIDAD,FECHA_INICIO_PREVISTA,FECHA_FIN_PREVISTA,ES_HITO,FECHA_INICIO_REAL,FECHA_FIN_REAL,ACTIVIDAD_SUPERIOR) values ('8','1','Colocación de pisos de cerámica',to_date('04/03/25','DD/MM/RR'),to_date('10/03/25','DD/MM/RR'),'S',null,null,'4');
Insert into P_CRONOGRAMA (ID_ACTIVIDAD,ID_PROYECTO,DESCRIPCION_ACTIVIDAD,FECHA_INICIO_PREVISTA,FECHA_FIN_PREVISTA,ES_HITO,FECHA_INICIO_REAL,FECHA_FIN_REAL,ACTIVIDAD_SUPERIOR) values ('9','1','Provisión y colocación de aberturas, instalaciones eléctricas y luminicas',to_date('11/03/25','DD/MM/RR'),to_date('21/03/25','DD/MM/RR'),'N',null,null,'4');
Insert into P_CRONOGRAMA (ID_ACTIVIDAD,ID_PROYECTO,DESCRIPCION_ACTIVIDAD,FECHA_INICIO_PREVISTA,FECHA_FIN_PREVISTA,ES_HITO,FECHA_INICIO_REAL,FECHA_FIN_REAL,ACTIVIDAD_SUPERIOR) values ('10','1','Terminación de obras',to_date('24/03/25','DD/MM/RR'),to_date('11/04/25','DD/MM/RR'),'S',null,null,null);
Insert into P_CRONOGRAMA (ID_ACTIVIDAD,ID_PROYECTO,DESCRIPCION_ACTIVIDAD,FECHA_INICIO_PREVISTA,FECHA_FIN_PREVISTA,ES_HITO,FECHA_INICIO_REAL,FECHA_FIN_REAL,ACTIVIDAD_SUPERIOR) values ('11','1','Instalación de aires acondicionados',to_date('24/03/25','DD/MM/RR'),to_date('25/03/25','DD/MM/RR'),'S',null,null,'10');
Insert into P_CRONOGRAMA (ID_ACTIVIDAD,ID_PROYECTO,DESCRIPCION_ACTIVIDAD,FECHA_INICIO_PREVISTA,FECHA_FIN_PREVISTA,ES_HITO,FECHA_INICIO_REAL,FECHA_FIN_REAL,ACTIVIDAD_SUPERIOR) values ('12','1','Pintura y retoques',to_date('26/03/25','DD/MM/RR'),to_date('02/04/25','DD/MM/RR'),'S',null,null,'10');
Insert into P_CRONOGRAMA (ID_ACTIVIDAD,ID_PROYECTO,DESCRIPCION_ACTIVIDAD,FECHA_INICIO_PREVISTA,FECHA_FIN_PREVISTA,ES_HITO,FECHA_INICIO_REAL,FECHA_FIN_REAL,ACTIVIDAD_SUPERIOR) values ('13','1','Equipamiento de salas (escritorios, acrílic)',to_date('03/04/25','DD/MM/RR'),to_date('04/04/25','DD/MM/RR'),'S',null,null,'10');
Insert into P_CRONOGRAMA (ID_ACTIVIDAD,ID_PROYECTO,DESCRIPCION_ACTIVIDAD,FECHA_INICIO_PREVISTA,FECHA_FIN_PREVISTA,ES_HITO,FECHA_INICIO_REAL,FECHA_FIN_REAL,ACTIVIDAD_SUPERIOR) values ('14','1','Limpieza final de obra',to_date('05/04/25','DD/MM/RR'),to_date('08/04/25','DD/MM/RR'),'S',null,null,'10');
Insert into P_CRONOGRAMA (ID_ACTIVIDAD,ID_PROYECTO,DESCRIPCION_ACTIVIDAD,FECHA_INICIO_PREVISTA,FECHA_FIN_PREVISTA,ES_HITO,FECHA_INICIO_REAL,FECHA_FIN_REAL,ACTIVIDAD_SUPERIOR) values ('15','1','Entrega de Planos de instalaciones eléctricas y sanitarias. Informe final',to_date('08/04/25','DD/MM/RR'),to_date('11/04/25','DD/MM/RR'),'S',null,null,'10');
REM INSERTING into P_FERIADOS
SET DEFINE OFF;
REM INSERTING into P_SUMINISTRO
SET DEFINE OFF;
Insert into P_SUMINISTRO (ID_SUMINISTRO,DESCRIPCION,COSTO,UNIDAD_MEDIDA) values ('1','LADRILLO HUECO','500','UNIDAD');
Insert into P_SUMINISTRO (ID_SUMINISTRO,DESCRIPCION,COSTO,UNIDAD_MEDIDA) values ('2','LADRILLO VISTO','550','UNIDAD');
Insert into P_SUMINISTRO (ID_SUMINISTRO,DESCRIPCION,COSTO,UNIDAD_MEDIDA) values ('3','TEJUELON','345','UNIDAD');
Insert into P_SUMINISTRO (ID_SUMINISTRO,DESCRIPCION,COSTO,UNIDAD_MEDIDA) values ('4','TEJA','460','UNIDAD');
Insert into P_SUMINISTRO (ID_SUMINISTRO,DESCRIPCION,COSTO,UNIDAD_MEDIDA) values ('5','VIGA TAJY 2 M','15000','UNIDAD');
Insert into P_SUMINISTRO (ID_SUMINISTRO,DESCRIPCION,COSTO,UNIDAD_MEDIDA) values ('6','TIRANTE TAJY 5 M','25000','UNIDAD');
Insert into P_SUMINISTRO (ID_SUMINISTRO,DESCRIPCION,COSTO,UNIDAD_MEDIDA) values ('7','CEMENTO PORLAND','19600','KILOGRAMO');
Insert into P_SUMINISTRO (ID_SUMINISTRO,DESCRIPCION,COSTO,UNIDAD_MEDIDA) values ('8','CAL APAGADA','9990','KILOGRAMO');
Insert into P_SUMINISTRO (ID_SUMINISTRO,DESCRIPCION,COSTO,UNIDAD_MEDIDA) values ('9','LIJA DE PAPEL','300','METRO');
Insert into P_SUMINISTRO (ID_SUMINISTRO,DESCRIPCION,COSTO,UNIDAD_MEDIDA) values ('10','BLEQUE','25000','KILOGRAMO');
Insert into P_SUMINISTRO (ID_SUMINISTRO,DESCRIPCION,COSTO,UNIDAD_MEDIDA) values ('11','SELLADOR ANTIHUMEDAD','27880','LITRO');
Insert into P_SUMINISTRO (ID_SUMINISTRO,DESCRIPCION,COSTO,UNIDAD_MEDIDA) values ('12','AISLANTE','14090','LITRO');
Insert into P_SUMINISTRO (ID_SUMINISTRO,DESCRIPCION,COSTO,UNIDAD_MEDIDA) values ('13','BROCHA Nro. 1','2500','UNIDAD');
Insert into P_SUMINISTRO (ID_SUMINISTRO,DESCRIPCION,COSTO,UNIDAD_MEDIDA) values ('14','BROCHA Nro.  2','3000','UNIDAD');
Insert into P_SUMINISTRO (ID_SUMINISTRO,DESCRIPCION,COSTO,UNIDAD_MEDIDA) values ('15','BROCHA Nro.  3','3500','UNIDAD');
Insert into P_SUMINISTRO (ID_SUMINISTRO,DESCRIPCION,COSTO,UNIDAD_MEDIDA) values ('16','RODILLO P/ PINTURA','6500','UNIDAD');
Insert into P_SUMINISTRO (ID_SUMINISTRO,DESCRIPCION,COSTO,UNIDAD_MEDIDA) values ('17','VARILLA DE HIERRO','12300','METRO');
Insert into P_SUMINISTRO (ID_SUMINISTRO,DESCRIPCION,COSTO,UNIDAD_MEDIDA) values ('18','PINTURA AL AGUA','8755','LITRO');
Insert into P_SUMINISTRO (ID_SUMINISTRO,DESCRIPCION,COSTO,UNIDAD_MEDIDA) values ('19','PINTURA AL ACEITE','10600','LITRO');
Insert into P_SUMINISTRO (ID_SUMINISTRO,DESCRIPCION,COSTO,UNIDAD_MEDIDA) values ('20','BALDOSA COMUN 20 X 20','2400','UNIDAD');
Insert into P_SUMINISTRO (ID_SUMINISTRO,DESCRIPCION,COSTO,UNIDAD_MEDIDA) values ('21','LAYOTA CERAMICA 20 X 30','7000','UNIDAD');
Insert into P_SUMINISTRO (ID_SUMINISTRO,DESCRIPCION,COSTO,UNIDAD_MEDIDA) values ('22','AZULEJO SIN DISEÑOS BLANCO','1500','UNIDAD');
Insert into P_SUMINISTRO (ID_SUMINISTRO,DESCRIPCION,COSTO,UNIDAD_MEDIDA) values ('23','JUEGO DE GRIFERIA BAÑO','350000','UNIDAD');
Insert into P_SUMINISTRO (ID_SUMINISTRO,DESCRIPCION,COSTO,UNIDAD_MEDIDA) values ('24','JUEGO DE GRIFERIA COCINA 2 PZAS','120000','UNIDAD');
Insert into P_SUMINISTRO (ID_SUMINISTRO,DESCRIPCION,COSTO,UNIDAD_MEDIDA) values ('25','PILETA GRANITO P/ LAVADERO','90000','UNIDAD');
Insert into P_SUMINISTRO (ID_SUMINISTRO,DESCRIPCION,COSTO,UNIDAD_MEDIDA) values ('26','PILETA ACERO INOX. P/ COCINA','150000','UNIDAD');
Insert into P_SUMINISTRO (ID_SUMINISTRO,DESCRIPCION,COSTO,UNIDAD_MEDIDA) values ('27','CAÑO Nro. 2','2000','METRO');
Insert into P_SUMINISTRO (ID_SUMINISTRO,DESCRIPCION,COSTO,UNIDAD_MEDIDA) values ('28','CAÑO Nro. 3','3000','METRO');
Insert into P_SUMINISTRO (ID_SUMINISTRO,DESCRIPCION,COSTO,UNIDAD_MEDIDA) values ('29','CANALETA','10000','METRO');
Insert into P_SUMINISTRO (ID_SUMINISTRO,DESCRIPCION,COSTO,UNIDAD_MEDIDA) values ('30','MARCO P/ PUERTA 1,4 X 2,4','150000','UNIDAD');
Insert into P_SUMINISTRO (ID_SUMINISTRO,DESCRIPCION,COSTO,UNIDAD_MEDIDA) values ('31','MARCO P/ VENTANA 1,5 X 2','120000','UNIDAD');
Insert into P_SUMINISTRO (ID_SUMINISTRO,DESCRIPCION,COSTO,UNIDAD_MEDIDA) values ('32','PUERTA TAJY SIN DETALLES','100000','UNIDAD');
Insert into P_SUMINISTRO (ID_SUMINISTRO,DESCRIPCION,COSTO,UNIDAD_MEDIDA) values ('33','PICAPORTE P/ PUERTA SIMPLE ALLIANZA','25000','UNIDAD');
Insert into P_SUMINISTRO (ID_SUMINISTRO,DESCRIPCION,COSTO,UNIDAD_MEDIDA) values ('34','ARENA GORDA','150000','CAMIONADA');
Insert into P_SUMINISTRO (ID_SUMINISTRO,DESCRIPCION,COSTO,UNIDAD_MEDIDA) values ('35','ARENA LAVADA','175000','CAMIONADA');
Insert into P_SUMINISTRO (ID_SUMINISTRO,DESCRIPCION,COSTO,UNIDAD_MEDIDA) values ('36','ESCOMBROS P/ RELLENO','160000','CAMIONADA');
REM INSERTING into P_INVENTARIO
SET DEFINE OFF;
Insert into P_INVENTARIO (ID_SUMINISTRO,ID_LOCALIDAD,STOCK_MINIMO,STOCK_MAXIMO,STOCK_ACTUAL) values ('1','1','5000','9999','6000');
Insert into P_INVENTARIO (ID_SUMINISTRO,ID_LOCALIDAD,STOCK_MINIMO,STOCK_MAXIMO,STOCK_ACTUAL) values ('1','2','5000','9999','5657');
Insert into P_INVENTARIO (ID_SUMINISTRO,ID_LOCALIDAD,STOCK_MINIMO,STOCK_MAXIMO,STOCK_ACTUAL) values ('2','4','2000','9999','5000');
Insert into P_INVENTARIO (ID_SUMINISTRO,ID_LOCALIDAD,STOCK_MINIMO,STOCK_MAXIMO,STOCK_ACTUAL) values ('2','7','1000','5000','500');
Insert into P_INVENTARIO (ID_SUMINISTRO,ID_LOCALIDAD,STOCK_MINIMO,STOCK_MAXIMO,STOCK_ACTUAL) values ('3','3','1000','4000','600');
Insert into P_INVENTARIO (ID_SUMINISTRO,ID_LOCALIDAD,STOCK_MINIMO,STOCK_MAXIMO,STOCK_ACTUAL) values ('3','10','2000','5000','2500');
Insert into P_INVENTARIO (ID_SUMINISTRO,ID_LOCALIDAD,STOCK_MINIMO,STOCK_MAXIMO,STOCK_ACTUAL) values ('6','19','3000','5000','5000');
Insert into P_INVENTARIO (ID_SUMINISTRO,ID_LOCALIDAD,STOCK_MINIMO,STOCK_MAXIMO,STOCK_ACTUAL) values ('11','8','3000','5000','4500');
Insert into P_INVENTARIO (ID_SUMINISTRO,ID_LOCALIDAD,STOCK_MINIMO,STOCK_MAXIMO,STOCK_ACTUAL) values ('11','12','1000','6000','5000');
Insert into P_INVENTARIO (ID_SUMINISTRO,ID_LOCALIDAD,STOCK_MINIMO,STOCK_MAXIMO,STOCK_ACTUAL) values ('17','2','500','2000','1500');
Insert into P_INVENTARIO (ID_SUMINISTRO,ID_LOCALIDAD,STOCK_MINIMO,STOCK_MAXIMO,STOCK_ACTUAL) values ('17','8','750','2000','1600');
Insert into P_INVENTARIO (ID_SUMINISTRO,ID_LOCALIDAD,STOCK_MINIMO,STOCK_MAXIMO,STOCK_ACTUAL) values ('21','17','100','2000','50');
Insert into P_INVENTARIO (ID_SUMINISTRO,ID_LOCALIDAD,STOCK_MINIMO,STOCK_MAXIMO,STOCK_ACTUAL) values ('21','5','500','5000','200');
Insert into P_INVENTARIO (ID_SUMINISTRO,ID_LOCALIDAD,STOCK_MINIMO,STOCK_MAXIMO,STOCK_ACTUAL) values ('22','16','100','5000','100');
Insert into P_INVENTARIO (ID_SUMINISTRO,ID_LOCALIDAD,STOCK_MINIMO,STOCK_MAXIMO,STOCK_ACTUAL) values ('22','5','200','6000','400');
Insert into P_INVENTARIO (ID_SUMINISTRO,ID_LOCALIDAD,STOCK_MINIMO,STOCK_MAXIMO,STOCK_ACTUAL) values ('7','11','100','9999','5000');
Insert into P_INVENTARIO (ID_SUMINISTRO,ID_LOCALIDAD,STOCK_MINIMO,STOCK_MAXIMO,STOCK_ACTUAL) values ('7','1','1000','9999','500');
Insert into P_INVENTARIO (ID_SUMINISTRO,ID_LOCALIDAD,STOCK_MINIMO,STOCK_MAXIMO,STOCK_ACTUAL) values ('18','1','400','9999','200');
Insert into P_INVENTARIO (ID_SUMINISTRO,ID_LOCALIDAD,STOCK_MINIMO,STOCK_MAXIMO,STOCK_ACTUAL) values ('18','2','200','1000','500');
Insert into P_INVENTARIO (ID_SUMINISTRO,ID_LOCALIDAD,STOCK_MINIMO,STOCK_MAXIMO,STOCK_ACTUAL) values ('23','1','10','20','1');
Insert into P_INVENTARIO (ID_SUMINISTRO,ID_LOCALIDAD,STOCK_MINIMO,STOCK_MAXIMO,STOCK_ACTUAL) values ('23','16','5','25','15');
Insert into P_INVENTARIO (ID_SUMINISTRO,ID_LOCALIDAD,STOCK_MINIMO,STOCK_MAXIMO,STOCK_ACTUAL) values ('1','3','10','1000','80');
Insert into P_INVENTARIO (ID_SUMINISTRO,ID_LOCALIDAD,STOCK_MINIMO,STOCK_MAXIMO,STOCK_ACTUAL) values ('1','4','10','1000','80');
Insert into P_INVENTARIO (ID_SUMINISTRO,ID_LOCALIDAD,STOCK_MINIMO,STOCK_MAXIMO,STOCK_ACTUAL) values ('1','5','10','1000','80');
Insert into P_INVENTARIO (ID_SUMINISTRO,ID_LOCALIDAD,STOCK_MINIMO,STOCK_MAXIMO,STOCK_ACTUAL) values ('1','6','10','1000','80');
Insert into P_INVENTARIO (ID_SUMINISTRO,ID_LOCALIDAD,STOCK_MINIMO,STOCK_MAXIMO,STOCK_ACTUAL) values ('1','7','10','1000','80');
Insert into P_INVENTARIO (ID_SUMINISTRO,ID_LOCALIDAD,STOCK_MINIMO,STOCK_MAXIMO,STOCK_ACTUAL) values ('1','8','10','1000','80');
Insert into P_INVENTARIO (ID_SUMINISTRO,ID_LOCALIDAD,STOCK_MINIMO,STOCK_MAXIMO,STOCK_ACTUAL) values ('1','9','10','1000','80');
Insert into P_INVENTARIO (ID_SUMINISTRO,ID_LOCALIDAD,STOCK_MINIMO,STOCK_MAXIMO,STOCK_ACTUAL) values ('1','10','10','1000','80');
Insert into P_INVENTARIO (ID_SUMINISTRO,ID_LOCALIDAD,STOCK_MINIMO,STOCK_MAXIMO,STOCK_ACTUAL) values ('1','11','10','1000','80');
Insert into P_INVENTARIO (ID_SUMINISTRO,ID_LOCALIDAD,STOCK_MINIMO,STOCK_MAXIMO,STOCK_ACTUAL) values ('1','12','10','1000','80');
Insert into P_INVENTARIO (ID_SUMINISTRO,ID_LOCALIDAD,STOCK_MINIMO,STOCK_MAXIMO,STOCK_ACTUAL) values ('1','13','10','1000','80');
Insert into P_INVENTARIO (ID_SUMINISTRO,ID_LOCALIDAD,STOCK_MINIMO,STOCK_MAXIMO,STOCK_ACTUAL) values ('1','14','10','1000','80');
Insert into P_INVENTARIO (ID_SUMINISTRO,ID_LOCALIDAD,STOCK_MINIMO,STOCK_MAXIMO,STOCK_ACTUAL) values ('1','15','10','1000','80');
Insert into P_INVENTARIO (ID_SUMINISTRO,ID_LOCALIDAD,STOCK_MINIMO,STOCK_MAXIMO,STOCK_ACTUAL) values ('1','16','10','1000','80');
Insert into P_INVENTARIO (ID_SUMINISTRO,ID_LOCALIDAD,STOCK_MINIMO,STOCK_MAXIMO,STOCK_ACTUAL) values ('1','17','10','1000','80');
Insert into P_INVENTARIO (ID_SUMINISTRO,ID_LOCALIDAD,STOCK_MINIMO,STOCK_MAXIMO,STOCK_ACTUAL) values ('1','18','10','1000','80');
Insert into P_INVENTARIO (ID_SUMINISTRO,ID_LOCALIDAD,STOCK_MINIMO,STOCK_MAXIMO,STOCK_ACTUAL) values ('1','19','10','1000','80');
Insert into P_INVENTARIO (ID_SUMINISTRO,ID_LOCALIDAD,STOCK_MINIMO,STOCK_MAXIMO,STOCK_ACTUAL) values ('1','20','10','1000','80');
Insert into P_INVENTARIO (ID_SUMINISTRO,ID_LOCALIDAD,STOCK_MINIMO,STOCK_MAXIMO,STOCK_ACTUAL) values ('2','1','10','1000','80');
Insert into P_INVENTARIO (ID_SUMINISTRO,ID_LOCALIDAD,STOCK_MINIMO,STOCK_MAXIMO,STOCK_ACTUAL) values ('2','2','10','1000','80');
Insert into P_INVENTARIO (ID_SUMINISTRO,ID_LOCALIDAD,STOCK_MINIMO,STOCK_MAXIMO,STOCK_ACTUAL) values ('2','3','10','1000','80');
Insert into P_INVENTARIO (ID_SUMINISTRO,ID_LOCALIDAD,STOCK_MINIMO,STOCK_MAXIMO,STOCK_ACTUAL) values ('2','5','10','1000','80');
Insert into P_INVENTARIO (ID_SUMINISTRO,ID_LOCALIDAD,STOCK_MINIMO,STOCK_MAXIMO,STOCK_ACTUAL) values ('2','6','10','1000','80');
Insert into P_INVENTARIO (ID_SUMINISTRO,ID_LOCALIDAD,STOCK_MINIMO,STOCK_MAXIMO,STOCK_ACTUAL) values ('2','8','10','1000','80');
Insert into P_INVENTARIO (ID_SUMINISTRO,ID_LOCALIDAD,STOCK_MINIMO,STOCK_MAXIMO,STOCK_ACTUAL) values ('2','9','10','1000','80');
Insert into P_INVENTARIO (ID_SUMINISTRO,ID_LOCALIDAD,STOCK_MINIMO,STOCK_MAXIMO,STOCK_ACTUAL) values ('2','10','10','1000','80');
Insert into P_INVENTARIO (ID_SUMINISTRO,ID_LOCALIDAD,STOCK_MINIMO,STOCK_MAXIMO,STOCK_ACTUAL) values ('2','11','10','1000','80');
Insert into P_INVENTARIO (ID_SUMINISTRO,ID_LOCALIDAD,STOCK_MINIMO,STOCK_MAXIMO,STOCK_ACTUAL) values ('2','12','10','1000','80');
Insert into P_INVENTARIO (ID_SUMINISTRO,ID_LOCALIDAD,STOCK_MINIMO,STOCK_MAXIMO,STOCK_ACTUAL) values ('2','13','10','1000','80');
Insert into P_INVENTARIO (ID_SUMINISTRO,ID_LOCALIDAD,STOCK_MINIMO,STOCK_MAXIMO,STOCK_ACTUAL) values ('2','14','10','1000','80');
Insert into P_INVENTARIO (ID_SUMINISTRO,ID_LOCALIDAD,STOCK_MINIMO,STOCK_MAXIMO,STOCK_ACTUAL) values ('2','15','10','1000','80');
Insert into P_INVENTARIO (ID_SUMINISTRO,ID_LOCALIDAD,STOCK_MINIMO,STOCK_MAXIMO,STOCK_ACTUAL) values ('2','16','10','1000','80');
Insert into P_INVENTARIO (ID_SUMINISTRO,ID_LOCALIDAD,STOCK_MINIMO,STOCK_MAXIMO,STOCK_ACTUAL) values ('2','17','10','1000','80');
Insert into P_INVENTARIO (ID_SUMINISTRO,ID_LOCALIDAD,STOCK_MINIMO,STOCK_MAXIMO,STOCK_ACTUAL) values ('2','18','10','1000','80');
Insert into P_INVENTARIO (ID_SUMINISTRO,ID_LOCALIDAD,STOCK_MINIMO,STOCK_MAXIMO,STOCK_ACTUAL) values ('2','19','10','1000','80');
Insert into P_INVENTARIO (ID_SUMINISTRO,ID_LOCALIDAD,STOCK_MINIMO,STOCK_MAXIMO,STOCK_ACTUAL) values ('2','20','10','1000','80');
Insert into P_INVENTARIO (ID_SUMINISTRO,ID_LOCALIDAD,STOCK_MINIMO,STOCK_MAXIMO,STOCK_ACTUAL) values ('3','1','10','1000','80');
Insert into P_INVENTARIO (ID_SUMINISTRO,ID_LOCALIDAD,STOCK_MINIMO,STOCK_MAXIMO,STOCK_ACTUAL) values ('3','2','10','1000','80');
Insert into P_INVENTARIO (ID_SUMINISTRO,ID_LOCALIDAD,STOCK_MINIMO,STOCK_MAXIMO,STOCK_ACTUAL) values ('3','4','10','1000','80');
Insert into P_INVENTARIO (ID_SUMINISTRO,ID_LOCALIDAD,STOCK_MINIMO,STOCK_MAXIMO,STOCK_ACTUAL) values ('3','5','10','1000','80');
Insert into P_INVENTARIO (ID_SUMINISTRO,ID_LOCALIDAD,STOCK_MINIMO,STOCK_MAXIMO,STOCK_ACTUAL) values ('3','6','10','1000','80');
Insert into P_INVENTARIO (ID_SUMINISTRO,ID_LOCALIDAD,STOCK_MINIMO,STOCK_MAXIMO,STOCK_ACTUAL) values ('3','7','10','1000','80');
Insert into P_INVENTARIO (ID_SUMINISTRO,ID_LOCALIDAD,STOCK_MINIMO,STOCK_MAXIMO,STOCK_ACTUAL) values ('3','8','10','1000','80');
Insert into P_INVENTARIO (ID_SUMINISTRO,ID_LOCALIDAD,STOCK_MINIMO,STOCK_MAXIMO,STOCK_ACTUAL) values ('3','9','10','1000','80');
Insert into P_INVENTARIO (ID_SUMINISTRO,ID_LOCALIDAD,STOCK_MINIMO,STOCK_MAXIMO,STOCK_ACTUAL) values ('3','11','10','1000','80');
Insert into P_INVENTARIO (ID_SUMINISTRO,ID_LOCALIDAD,STOCK_MINIMO,STOCK_MAXIMO,STOCK_ACTUAL) values ('3','12','10','1000','80');
Insert into P_INVENTARIO (ID_SUMINISTRO,ID_LOCALIDAD,STOCK_MINIMO,STOCK_MAXIMO,STOCK_ACTUAL) values ('3','13','10','1000','80');
Insert into P_INVENTARIO (ID_SUMINISTRO,ID_LOCALIDAD,STOCK_MINIMO,STOCK_MAXIMO,STOCK_ACTUAL) values ('3','14','10','1000','80');
Insert into P_INVENTARIO (ID_SUMINISTRO,ID_LOCALIDAD,STOCK_MINIMO,STOCK_MAXIMO,STOCK_ACTUAL) values ('3','15','10','1000','80');
Insert into P_INVENTARIO (ID_SUMINISTRO,ID_LOCALIDAD,STOCK_MINIMO,STOCK_MAXIMO,STOCK_ACTUAL) values ('3','16','10','1000','80');
Insert into P_INVENTARIO (ID_SUMINISTRO,ID_LOCALIDAD,STOCK_MINIMO,STOCK_MAXIMO,STOCK_ACTUAL) values ('3','17','10','1000','80');
Insert into P_INVENTARIO (ID_SUMINISTRO,ID_LOCALIDAD,STOCK_MINIMO,STOCK_MAXIMO,STOCK_ACTUAL) values ('3','18','10','1000','80');
Insert into P_INVENTARIO (ID_SUMINISTRO,ID_LOCALIDAD,STOCK_MINIMO,STOCK_MAXIMO,STOCK_ACTUAL) values ('3','19','10','1000','80');
Insert into P_INVENTARIO (ID_SUMINISTRO,ID_LOCALIDAD,STOCK_MINIMO,STOCK_MAXIMO,STOCK_ACTUAL) values ('3','20','10','1000','80');
Insert into P_INVENTARIO (ID_SUMINISTRO,ID_LOCALIDAD,STOCK_MINIMO,STOCK_MAXIMO,STOCK_ACTUAL) values ('4','1','10','1000','80');
Insert into P_INVENTARIO (ID_SUMINISTRO,ID_LOCALIDAD,STOCK_MINIMO,STOCK_MAXIMO,STOCK_ACTUAL) values ('4','2','10','1000','80');
Insert into P_INVENTARIO (ID_SUMINISTRO,ID_LOCALIDAD,STOCK_MINIMO,STOCK_MAXIMO,STOCK_ACTUAL) values ('4','3','10','1000','80');
Insert into P_INVENTARIO (ID_SUMINISTRO,ID_LOCALIDAD,STOCK_MINIMO,STOCK_MAXIMO,STOCK_ACTUAL) values ('4','4','10','1000','80');
Insert into P_INVENTARIO (ID_SUMINISTRO,ID_LOCALIDAD,STOCK_MINIMO,STOCK_MAXIMO,STOCK_ACTUAL) values ('4','5','10','1000','80');
Insert into P_INVENTARIO (ID_SUMINISTRO,ID_LOCALIDAD,STOCK_MINIMO,STOCK_MAXIMO,STOCK_ACTUAL) values ('4','6','10','1000','80');
Insert into P_INVENTARIO (ID_SUMINISTRO,ID_LOCALIDAD,STOCK_MINIMO,STOCK_MAXIMO,STOCK_ACTUAL) values ('4','7','10','1000','80');
Insert into P_INVENTARIO (ID_SUMINISTRO,ID_LOCALIDAD,STOCK_MINIMO,STOCK_MAXIMO,STOCK_ACTUAL) values ('4','8','10','1000','80');
Insert into P_INVENTARIO (ID_SUMINISTRO,ID_LOCALIDAD,STOCK_MINIMO,STOCK_MAXIMO,STOCK_ACTUAL) values ('4','9','10','1000','80');
Insert into P_INVENTARIO (ID_SUMINISTRO,ID_LOCALIDAD,STOCK_MINIMO,STOCK_MAXIMO,STOCK_ACTUAL) values ('4','10','10','1000','80');
Insert into P_INVENTARIO (ID_SUMINISTRO,ID_LOCALIDAD,STOCK_MINIMO,STOCK_MAXIMO,STOCK_ACTUAL) values ('4','11','10','1000','80');
Insert into P_INVENTARIO (ID_SUMINISTRO,ID_LOCALIDAD,STOCK_MINIMO,STOCK_MAXIMO,STOCK_ACTUAL) values ('4','12','10','1000','80');
Insert into P_INVENTARIO (ID_SUMINISTRO,ID_LOCALIDAD,STOCK_MINIMO,STOCK_MAXIMO,STOCK_ACTUAL) values ('4','13','10','1000','80');
Insert into P_INVENTARIO (ID_SUMINISTRO,ID_LOCALIDAD,STOCK_MINIMO,STOCK_MAXIMO,STOCK_ACTUAL) values ('4','14','10','1000','80');
Insert into P_INVENTARIO (ID_SUMINISTRO,ID_LOCALIDAD,STOCK_MINIMO,STOCK_MAXIMO,STOCK_ACTUAL) values ('4','15','10','1000','80');
Insert into P_INVENTARIO (ID_SUMINISTRO,ID_LOCALIDAD,STOCK_MINIMO,STOCK_MAXIMO,STOCK_ACTUAL) values ('4','16','10','1000','80');
Insert into P_INVENTARIO (ID_SUMINISTRO,ID_LOCALIDAD,STOCK_MINIMO,STOCK_MAXIMO,STOCK_ACTUAL) values ('4','17','10','1000','80');
Insert into P_INVENTARIO (ID_SUMINISTRO,ID_LOCALIDAD,STOCK_MINIMO,STOCK_MAXIMO,STOCK_ACTUAL) values ('4','18','10','1000','80');
Insert into P_INVENTARIO (ID_SUMINISTRO,ID_LOCALIDAD,STOCK_MINIMO,STOCK_MAXIMO,STOCK_ACTUAL) values ('4','19','10','1000','80');
Insert into P_INVENTARIO (ID_SUMINISTRO,ID_LOCALIDAD,STOCK_MINIMO,STOCK_MAXIMO,STOCK_ACTUAL) values ('4','20','10','1000','80');
Insert into P_INVENTARIO (ID_SUMINISTRO,ID_LOCALIDAD,STOCK_MINIMO,STOCK_MAXIMO,STOCK_ACTUAL) values ('5','1','10','1000','80');
Insert into P_INVENTARIO (ID_SUMINISTRO,ID_LOCALIDAD,STOCK_MINIMO,STOCK_MAXIMO,STOCK_ACTUAL) values ('5','2','10','1000','80');
Insert into P_INVENTARIO (ID_SUMINISTRO,ID_LOCALIDAD,STOCK_MINIMO,STOCK_MAXIMO,STOCK_ACTUAL) values ('5','3','10','1000','80');
Insert into P_INVENTARIO (ID_SUMINISTRO,ID_LOCALIDAD,STOCK_MINIMO,STOCK_MAXIMO,STOCK_ACTUAL) values ('5','4','10','1000','80');
Insert into P_INVENTARIO (ID_SUMINISTRO,ID_LOCALIDAD,STOCK_MINIMO,STOCK_MAXIMO,STOCK_ACTUAL) values ('5','5','10','1000','80');
Insert into P_INVENTARIO (ID_SUMINISTRO,ID_LOCALIDAD,STOCK_MINIMO,STOCK_MAXIMO,STOCK_ACTUAL) values ('5','6','10','1000','80');
Insert into P_INVENTARIO (ID_SUMINISTRO,ID_LOCALIDAD,STOCK_MINIMO,STOCK_MAXIMO,STOCK_ACTUAL) values ('5','7','10','1000','80');
Insert into P_INVENTARIO (ID_SUMINISTRO,ID_LOCALIDAD,STOCK_MINIMO,STOCK_MAXIMO,STOCK_ACTUAL) values ('5','8','10','1000','80');
Insert into P_INVENTARIO (ID_SUMINISTRO,ID_LOCALIDAD,STOCK_MINIMO,STOCK_MAXIMO,STOCK_ACTUAL) values ('5','9','10','1000','80');
Insert into P_INVENTARIO (ID_SUMINISTRO,ID_LOCALIDAD,STOCK_MINIMO,STOCK_MAXIMO,STOCK_ACTUAL) values ('5','10','10','1000','80');
Insert into P_INVENTARIO (ID_SUMINISTRO,ID_LOCALIDAD,STOCK_MINIMO,STOCK_MAXIMO,STOCK_ACTUAL) values ('5','11','10','1000','80');
Insert into P_INVENTARIO (ID_SUMINISTRO,ID_LOCALIDAD,STOCK_MINIMO,STOCK_MAXIMO,STOCK_ACTUAL) values ('5','12','10','1000','80');
Insert into P_INVENTARIO (ID_SUMINISTRO,ID_LOCALIDAD,STOCK_MINIMO,STOCK_MAXIMO,STOCK_ACTUAL) values ('5','13','10','1000','80');
Insert into P_INVENTARIO (ID_SUMINISTRO,ID_LOCALIDAD,STOCK_MINIMO,STOCK_MAXIMO,STOCK_ACTUAL) values ('5','14','10','1000','80');
Insert into P_INVENTARIO (ID_SUMINISTRO,ID_LOCALIDAD,STOCK_MINIMO,STOCK_MAXIMO,STOCK_ACTUAL) values ('5','15','10','1000','80');
Insert into P_INVENTARIO (ID_SUMINISTRO,ID_LOCALIDAD,STOCK_MINIMO,STOCK_MAXIMO,STOCK_ACTUAL) values ('5','16','10','1000','80');
Insert into P_INVENTARIO (ID_SUMINISTRO,ID_LOCALIDAD,STOCK_MINIMO,STOCK_MAXIMO,STOCK_ACTUAL) values ('5','17','10','1000','80');
Insert into P_INVENTARIO (ID_SUMINISTRO,ID_LOCALIDAD,STOCK_MINIMO,STOCK_MAXIMO,STOCK_ACTUAL) values ('5','18','10','1000','80');
Insert into P_INVENTARIO (ID_SUMINISTRO,ID_LOCALIDAD,STOCK_MINIMO,STOCK_MAXIMO,STOCK_ACTUAL) values ('5','19','10','1000','80');
Insert into P_INVENTARIO (ID_SUMINISTRO,ID_LOCALIDAD,STOCK_MINIMO,STOCK_MAXIMO,STOCK_ACTUAL) values ('5','20','10','1000','80');
Insert into P_INVENTARIO (ID_SUMINISTRO,ID_LOCALIDAD,STOCK_MINIMO,STOCK_MAXIMO,STOCK_ACTUAL) values ('6','1','10','1000','80');
Insert into P_INVENTARIO (ID_SUMINISTRO,ID_LOCALIDAD,STOCK_MINIMO,STOCK_MAXIMO,STOCK_ACTUAL) values ('6','2','10','1000','80');
Insert into P_INVENTARIO (ID_SUMINISTRO,ID_LOCALIDAD,STOCK_MINIMO,STOCK_MAXIMO,STOCK_ACTUAL) values ('6','3','10','1000','80');
Insert into P_INVENTARIO (ID_SUMINISTRO,ID_LOCALIDAD,STOCK_MINIMO,STOCK_MAXIMO,STOCK_ACTUAL) values ('6','4','10','1000','80');
Insert into P_INVENTARIO (ID_SUMINISTRO,ID_LOCALIDAD,STOCK_MINIMO,STOCK_MAXIMO,STOCK_ACTUAL) values ('6','5','10','1000','80');
Insert into P_INVENTARIO (ID_SUMINISTRO,ID_LOCALIDAD,STOCK_MINIMO,STOCK_MAXIMO,STOCK_ACTUAL) values ('6','6','10','1000','80');
Insert into P_INVENTARIO (ID_SUMINISTRO,ID_LOCALIDAD,STOCK_MINIMO,STOCK_MAXIMO,STOCK_ACTUAL) values ('6','7','10','1000','80');
Insert into P_INVENTARIO (ID_SUMINISTRO,ID_LOCALIDAD,STOCK_MINIMO,STOCK_MAXIMO,STOCK_ACTUAL) values ('6','8','10','1000','80');
Insert into P_INVENTARIO (ID_SUMINISTRO,ID_LOCALIDAD,STOCK_MINIMO,STOCK_MAXIMO,STOCK_ACTUAL) values ('6','9','10','1000','80');
Insert into P_INVENTARIO (ID_SUMINISTRO,ID_LOCALIDAD,STOCK_MINIMO,STOCK_MAXIMO,STOCK_ACTUAL) values ('6','10','10','1000','80');
Insert into P_INVENTARIO (ID_SUMINISTRO,ID_LOCALIDAD,STOCK_MINIMO,STOCK_MAXIMO,STOCK_ACTUAL) values ('6','11','10','1000','80');
Insert into P_INVENTARIO (ID_SUMINISTRO,ID_LOCALIDAD,STOCK_MINIMO,STOCK_MAXIMO,STOCK_ACTUAL) values ('6','12','10','1000','80');
Insert into P_INVENTARIO (ID_SUMINISTRO,ID_LOCALIDAD,STOCK_MINIMO,STOCK_MAXIMO,STOCK_ACTUAL) values ('6','13','10','1000','80');
Insert into P_INVENTARIO (ID_SUMINISTRO,ID_LOCALIDAD,STOCK_MINIMO,STOCK_MAXIMO,STOCK_ACTUAL) values ('6','14','10','1000','80');
Insert into P_INVENTARIO (ID_SUMINISTRO,ID_LOCALIDAD,STOCK_MINIMO,STOCK_MAXIMO,STOCK_ACTUAL) values ('6','15','10','1000','80');
Insert into P_INVENTARIO (ID_SUMINISTRO,ID_LOCALIDAD,STOCK_MINIMO,STOCK_MAXIMO,STOCK_ACTUAL) values ('6','16','10','1000','80');
Insert into P_INVENTARIO (ID_SUMINISTRO,ID_LOCALIDAD,STOCK_MINIMO,STOCK_MAXIMO,STOCK_ACTUAL) values ('6','17','10','1000','80');
Insert into P_INVENTARIO (ID_SUMINISTRO,ID_LOCALIDAD,STOCK_MINIMO,STOCK_MAXIMO,STOCK_ACTUAL) values ('6','18','10','1000','80');
Insert into P_INVENTARIO (ID_SUMINISTRO,ID_LOCALIDAD,STOCK_MINIMO,STOCK_MAXIMO,STOCK_ACTUAL) values ('6','20','10','1000','80');
Insert into P_INVENTARIO (ID_SUMINISTRO,ID_LOCALIDAD,STOCK_MINIMO,STOCK_MAXIMO,STOCK_ACTUAL) values ('7','2','10','1000','80');
Insert into P_INVENTARIO (ID_SUMINISTRO,ID_LOCALIDAD,STOCK_MINIMO,STOCK_MAXIMO,STOCK_ACTUAL) values ('7','3','10','1000','80');
Insert into P_INVENTARIO (ID_SUMINISTRO,ID_LOCALIDAD,STOCK_MINIMO,STOCK_MAXIMO,STOCK_ACTUAL) values ('7','4','10','1000','80');
Insert into P_INVENTARIO (ID_SUMINISTRO,ID_LOCALIDAD,STOCK_MINIMO,STOCK_MAXIMO,STOCK_ACTUAL) values ('7','5','10','1000','80');
Insert into P_INVENTARIO (ID_SUMINISTRO,ID_LOCALIDAD,STOCK_MINIMO,STOCK_MAXIMO,STOCK_ACTUAL) values ('7','6','10','1000','80');
Insert into P_INVENTARIO (ID_SUMINISTRO,ID_LOCALIDAD,STOCK_MINIMO,STOCK_MAXIMO,STOCK_ACTUAL) values ('7','7','10','1000','80');
Insert into P_INVENTARIO (ID_SUMINISTRO,ID_LOCALIDAD,STOCK_MINIMO,STOCK_MAXIMO,STOCK_ACTUAL) values ('7','8','10','1000','80');
Insert into P_INVENTARIO (ID_SUMINISTRO,ID_LOCALIDAD,STOCK_MINIMO,STOCK_MAXIMO,STOCK_ACTUAL) values ('7','9','10','1000','80');
Insert into P_INVENTARIO (ID_SUMINISTRO,ID_LOCALIDAD,STOCK_MINIMO,STOCK_MAXIMO,STOCK_ACTUAL) values ('7','10','10','1000','80');
Insert into P_INVENTARIO (ID_SUMINISTRO,ID_LOCALIDAD,STOCK_MINIMO,STOCK_MAXIMO,STOCK_ACTUAL) values ('7','12','10','1000','80');
Insert into P_INVENTARIO (ID_SUMINISTRO,ID_LOCALIDAD,STOCK_MINIMO,STOCK_MAXIMO,STOCK_ACTUAL) values ('7','13','10','1000','80');
Insert into P_INVENTARIO (ID_SUMINISTRO,ID_LOCALIDAD,STOCK_MINIMO,STOCK_MAXIMO,STOCK_ACTUAL) values ('7','14','10','1000','80');
Insert into P_INVENTARIO (ID_SUMINISTRO,ID_LOCALIDAD,STOCK_MINIMO,STOCK_MAXIMO,STOCK_ACTUAL) values ('7','15','10','1000','80');
Insert into P_INVENTARIO (ID_SUMINISTRO,ID_LOCALIDAD,STOCK_MINIMO,STOCK_MAXIMO,STOCK_ACTUAL) values ('7','16','10','1000','80');
Insert into P_INVENTARIO (ID_SUMINISTRO,ID_LOCALIDAD,STOCK_MINIMO,STOCK_MAXIMO,STOCK_ACTUAL) values ('7','17','10','1000','80');
Insert into P_INVENTARIO (ID_SUMINISTRO,ID_LOCALIDAD,STOCK_MINIMO,STOCK_MAXIMO,STOCK_ACTUAL) values ('7','18','10','1000','80');
Insert into P_INVENTARIO (ID_SUMINISTRO,ID_LOCALIDAD,STOCK_MINIMO,STOCK_MAXIMO,STOCK_ACTUAL) values ('7','19','10','1000','80');
Insert into P_INVENTARIO (ID_SUMINISTRO,ID_LOCALIDAD,STOCK_MINIMO,STOCK_MAXIMO,STOCK_ACTUAL) values ('7','20','10','1000','80');
Insert into P_INVENTARIO (ID_SUMINISTRO,ID_LOCALIDAD,STOCK_MINIMO,STOCK_MAXIMO,STOCK_ACTUAL) values ('8','1','10','1000','80');
Insert into P_INVENTARIO (ID_SUMINISTRO,ID_LOCALIDAD,STOCK_MINIMO,STOCK_MAXIMO,STOCK_ACTUAL) values ('8','2','10','1000','80');
Insert into P_INVENTARIO (ID_SUMINISTRO,ID_LOCALIDAD,STOCK_MINIMO,STOCK_MAXIMO,STOCK_ACTUAL) values ('8','3','10','1000','80');
Insert into P_INVENTARIO (ID_SUMINISTRO,ID_LOCALIDAD,STOCK_MINIMO,STOCK_MAXIMO,STOCK_ACTUAL) values ('8','4','10','1000','80');
Insert into P_INVENTARIO (ID_SUMINISTRO,ID_LOCALIDAD,STOCK_MINIMO,STOCK_MAXIMO,STOCK_ACTUAL) values ('8','5','10','1000','80');
Insert into P_INVENTARIO (ID_SUMINISTRO,ID_LOCALIDAD,STOCK_MINIMO,STOCK_MAXIMO,STOCK_ACTUAL) values ('8','6','10','1000','80');
Insert into P_INVENTARIO (ID_SUMINISTRO,ID_LOCALIDAD,STOCK_MINIMO,STOCK_MAXIMO,STOCK_ACTUAL) values ('8','7','10','1000','80');
Insert into P_INVENTARIO (ID_SUMINISTRO,ID_LOCALIDAD,STOCK_MINIMO,STOCK_MAXIMO,STOCK_ACTUAL) values ('8','8','10','1000','80');
Insert into P_INVENTARIO (ID_SUMINISTRO,ID_LOCALIDAD,STOCK_MINIMO,STOCK_MAXIMO,STOCK_ACTUAL) values ('8','9','10','1000','80');
Insert into P_INVENTARIO (ID_SUMINISTRO,ID_LOCALIDAD,STOCK_MINIMO,STOCK_MAXIMO,STOCK_ACTUAL) values ('8','10','10','1000','80');
Insert into P_INVENTARIO (ID_SUMINISTRO,ID_LOCALIDAD,STOCK_MINIMO,STOCK_MAXIMO,STOCK_ACTUAL) values ('8','11','10','1000','80');
Insert into P_INVENTARIO (ID_SUMINISTRO,ID_LOCALIDAD,STOCK_MINIMO,STOCK_MAXIMO,STOCK_ACTUAL) values ('8','12','10','1000','80');
Insert into P_INVENTARIO (ID_SUMINISTRO,ID_LOCALIDAD,STOCK_MINIMO,STOCK_MAXIMO,STOCK_ACTUAL) values ('8','13','10','1000','80');
Insert into P_INVENTARIO (ID_SUMINISTRO,ID_LOCALIDAD,STOCK_MINIMO,STOCK_MAXIMO,STOCK_ACTUAL) values ('8','14','10','1000','80');
Insert into P_INVENTARIO (ID_SUMINISTRO,ID_LOCALIDAD,STOCK_MINIMO,STOCK_MAXIMO,STOCK_ACTUAL) values ('8','15','10','1000','80');
Insert into P_INVENTARIO (ID_SUMINISTRO,ID_LOCALIDAD,STOCK_MINIMO,STOCK_MAXIMO,STOCK_ACTUAL) values ('8','16','10','1000','80');
Insert into P_INVENTARIO (ID_SUMINISTRO,ID_LOCALIDAD,STOCK_MINIMO,STOCK_MAXIMO,STOCK_ACTUAL) values ('8','17','10','1000','80');
Insert into P_INVENTARIO (ID_SUMINISTRO,ID_LOCALIDAD,STOCK_MINIMO,STOCK_MAXIMO,STOCK_ACTUAL) values ('8','18','10','1000','80');
Insert into P_INVENTARIO (ID_SUMINISTRO,ID_LOCALIDAD,STOCK_MINIMO,STOCK_MAXIMO,STOCK_ACTUAL) values ('8','19','10','1000','80');
Insert into P_INVENTARIO (ID_SUMINISTRO,ID_LOCALIDAD,STOCK_MINIMO,STOCK_MAXIMO,STOCK_ACTUAL) values ('8','20','10','1000','80');
Insert into P_INVENTARIO (ID_SUMINISTRO,ID_LOCALIDAD,STOCK_MINIMO,STOCK_MAXIMO,STOCK_ACTUAL) values ('9','1','10','1000','80');
Insert into P_INVENTARIO (ID_SUMINISTRO,ID_LOCALIDAD,STOCK_MINIMO,STOCK_MAXIMO,STOCK_ACTUAL) values ('9','2','10','1000','80');
Insert into P_INVENTARIO (ID_SUMINISTRO,ID_LOCALIDAD,STOCK_MINIMO,STOCK_MAXIMO,STOCK_ACTUAL) values ('9','3','10','1000','80');
Insert into P_INVENTARIO (ID_SUMINISTRO,ID_LOCALIDAD,STOCK_MINIMO,STOCK_MAXIMO,STOCK_ACTUAL) values ('9','4','10','1000','80');
Insert into P_INVENTARIO (ID_SUMINISTRO,ID_LOCALIDAD,STOCK_MINIMO,STOCK_MAXIMO,STOCK_ACTUAL) values ('9','5','10','1000','80');
Insert into P_INVENTARIO (ID_SUMINISTRO,ID_LOCALIDAD,STOCK_MINIMO,STOCK_MAXIMO,STOCK_ACTUAL) values ('9','6','10','1000','80');
Insert into P_INVENTARIO (ID_SUMINISTRO,ID_LOCALIDAD,STOCK_MINIMO,STOCK_MAXIMO,STOCK_ACTUAL) values ('9','7','10','1000','80');
Insert into P_INVENTARIO (ID_SUMINISTRO,ID_LOCALIDAD,STOCK_MINIMO,STOCK_MAXIMO,STOCK_ACTUAL) values ('9','8','10','1000','80');
Insert into P_INVENTARIO (ID_SUMINISTRO,ID_LOCALIDAD,STOCK_MINIMO,STOCK_MAXIMO,STOCK_ACTUAL) values ('9','9','10','1000','80');
Insert into P_INVENTARIO (ID_SUMINISTRO,ID_LOCALIDAD,STOCK_MINIMO,STOCK_MAXIMO,STOCK_ACTUAL) values ('9','10','10','1000','80');
Insert into P_INVENTARIO (ID_SUMINISTRO,ID_LOCALIDAD,STOCK_MINIMO,STOCK_MAXIMO,STOCK_ACTUAL) values ('9','11','10','1000','80');
Insert into P_INVENTARIO (ID_SUMINISTRO,ID_LOCALIDAD,STOCK_MINIMO,STOCK_MAXIMO,STOCK_ACTUAL) values ('9','12','10','1000','80');
Insert into P_INVENTARIO (ID_SUMINISTRO,ID_LOCALIDAD,STOCK_MINIMO,STOCK_MAXIMO,STOCK_ACTUAL) values ('9','13','10','1000','80');
Insert into P_INVENTARIO (ID_SUMINISTRO,ID_LOCALIDAD,STOCK_MINIMO,STOCK_MAXIMO,STOCK_ACTUAL) values ('9','14','10','1000','80');
Insert into P_INVENTARIO (ID_SUMINISTRO,ID_LOCALIDAD,STOCK_MINIMO,STOCK_MAXIMO,STOCK_ACTUAL) values ('9','15','10','1000','80');
Insert into P_INVENTARIO (ID_SUMINISTRO,ID_LOCALIDAD,STOCK_MINIMO,STOCK_MAXIMO,STOCK_ACTUAL) values ('9','16','10','1000','80');
Insert into P_INVENTARIO (ID_SUMINISTRO,ID_LOCALIDAD,STOCK_MINIMO,STOCK_MAXIMO,STOCK_ACTUAL) values ('9','17','10','1000','80');
Insert into P_INVENTARIO (ID_SUMINISTRO,ID_LOCALIDAD,STOCK_MINIMO,STOCK_MAXIMO,STOCK_ACTUAL) values ('9','18','10','1000','80');
Insert into P_INVENTARIO (ID_SUMINISTRO,ID_LOCALIDAD,STOCK_MINIMO,STOCK_MAXIMO,STOCK_ACTUAL) values ('9','19','10','1000','80');
Insert into P_INVENTARIO (ID_SUMINISTRO,ID_LOCALIDAD,STOCK_MINIMO,STOCK_MAXIMO,STOCK_ACTUAL) values ('9','20','10','1000','80');
Insert into P_INVENTARIO (ID_SUMINISTRO,ID_LOCALIDAD,STOCK_MINIMO,STOCK_MAXIMO,STOCK_ACTUAL) values ('10','1','10','1000','80');
Insert into P_INVENTARIO (ID_SUMINISTRO,ID_LOCALIDAD,STOCK_MINIMO,STOCK_MAXIMO,STOCK_ACTUAL) values ('10','2','10','1000','80');
Insert into P_INVENTARIO (ID_SUMINISTRO,ID_LOCALIDAD,STOCK_MINIMO,STOCK_MAXIMO,STOCK_ACTUAL) values ('10','3','10','1000','80');
Insert into P_INVENTARIO (ID_SUMINISTRO,ID_LOCALIDAD,STOCK_MINIMO,STOCK_MAXIMO,STOCK_ACTUAL) values ('10','4','10','1000','80');
Insert into P_INVENTARIO (ID_SUMINISTRO,ID_LOCALIDAD,STOCK_MINIMO,STOCK_MAXIMO,STOCK_ACTUAL) values ('10','5','10','1000','80');
Insert into P_INVENTARIO (ID_SUMINISTRO,ID_LOCALIDAD,STOCK_MINIMO,STOCK_MAXIMO,STOCK_ACTUAL) values ('10','6','10','1000','80');
Insert into P_INVENTARIO (ID_SUMINISTRO,ID_LOCALIDAD,STOCK_MINIMO,STOCK_MAXIMO,STOCK_ACTUAL) values ('10','7','10','1000','80');
Insert into P_INVENTARIO (ID_SUMINISTRO,ID_LOCALIDAD,STOCK_MINIMO,STOCK_MAXIMO,STOCK_ACTUAL) values ('10','8','10','1000','80');
Insert into P_INVENTARIO (ID_SUMINISTRO,ID_LOCALIDAD,STOCK_MINIMO,STOCK_MAXIMO,STOCK_ACTUAL) values ('10','9','10','1000','80');
Insert into P_INVENTARIO (ID_SUMINISTRO,ID_LOCALIDAD,STOCK_MINIMO,STOCK_MAXIMO,STOCK_ACTUAL) values ('10','10','10','1000','80');
Insert into P_INVENTARIO (ID_SUMINISTRO,ID_LOCALIDAD,STOCK_MINIMO,STOCK_MAXIMO,STOCK_ACTUAL) values ('10','11','10','1000','80');
Insert into P_INVENTARIO (ID_SUMINISTRO,ID_LOCALIDAD,STOCK_MINIMO,STOCK_MAXIMO,STOCK_ACTUAL) values ('10','12','10','1000','80');
Insert into P_INVENTARIO (ID_SUMINISTRO,ID_LOCALIDAD,STOCK_MINIMO,STOCK_MAXIMO,STOCK_ACTUAL) values ('10','13','10','1000','80');
Insert into P_INVENTARIO (ID_SUMINISTRO,ID_LOCALIDAD,STOCK_MINIMO,STOCK_MAXIMO,STOCK_ACTUAL) values ('10','14','10','1000','80');
Insert into P_INVENTARIO (ID_SUMINISTRO,ID_LOCALIDAD,STOCK_MINIMO,STOCK_MAXIMO,STOCK_ACTUAL) values ('10','15','10','1000','80');
Insert into P_INVENTARIO (ID_SUMINISTRO,ID_LOCALIDAD,STOCK_MINIMO,STOCK_MAXIMO,STOCK_ACTUAL) values ('10','16','10','1000','80');
Insert into P_INVENTARIO (ID_SUMINISTRO,ID_LOCALIDAD,STOCK_MINIMO,STOCK_MAXIMO,STOCK_ACTUAL) values ('10','17','10','1000','80');
Insert into P_INVENTARIO (ID_SUMINISTRO,ID_LOCALIDAD,STOCK_MINIMO,STOCK_MAXIMO,STOCK_ACTUAL) values ('10','18','10','1000','80');
Insert into P_INVENTARIO (ID_SUMINISTRO,ID_LOCALIDAD,STOCK_MINIMO,STOCK_MAXIMO,STOCK_ACTUAL) values ('10','19','10','1000','80');
Insert into P_INVENTARIO (ID_SUMINISTRO,ID_LOCALIDAD,STOCK_MINIMO,STOCK_MAXIMO,STOCK_ACTUAL) values ('10','20','10','1000','80');
Insert into P_INVENTARIO (ID_SUMINISTRO,ID_LOCALIDAD,STOCK_MINIMO,STOCK_MAXIMO,STOCK_ACTUAL) values ('11','1','10','1000','80');
Insert into P_INVENTARIO (ID_SUMINISTRO,ID_LOCALIDAD,STOCK_MINIMO,STOCK_MAXIMO,STOCK_ACTUAL) values ('11','2','10','1000','80');
Insert into P_INVENTARIO (ID_SUMINISTRO,ID_LOCALIDAD,STOCK_MINIMO,STOCK_MAXIMO,STOCK_ACTUAL) values ('11','3','10','1000','80');
Insert into P_INVENTARIO (ID_SUMINISTRO,ID_LOCALIDAD,STOCK_MINIMO,STOCK_MAXIMO,STOCK_ACTUAL) values ('11','4','10','1000','80');
Insert into P_INVENTARIO (ID_SUMINISTRO,ID_LOCALIDAD,STOCK_MINIMO,STOCK_MAXIMO,STOCK_ACTUAL) values ('11','5','10','1000','80');
Insert into P_INVENTARIO (ID_SUMINISTRO,ID_LOCALIDAD,STOCK_MINIMO,STOCK_MAXIMO,STOCK_ACTUAL) values ('11','6','10','1000','80');
Insert into P_INVENTARIO (ID_SUMINISTRO,ID_LOCALIDAD,STOCK_MINIMO,STOCK_MAXIMO,STOCK_ACTUAL) values ('11','7','10','1000','80');
Insert into P_INVENTARIO (ID_SUMINISTRO,ID_LOCALIDAD,STOCK_MINIMO,STOCK_MAXIMO,STOCK_ACTUAL) values ('11','9','10','1000','80');
Insert into P_INVENTARIO (ID_SUMINISTRO,ID_LOCALIDAD,STOCK_MINIMO,STOCK_MAXIMO,STOCK_ACTUAL) values ('11','10','10','1000','80');
Insert into P_INVENTARIO (ID_SUMINISTRO,ID_LOCALIDAD,STOCK_MINIMO,STOCK_MAXIMO,STOCK_ACTUAL) values ('11','11','10','1000','80');
Insert into P_INVENTARIO (ID_SUMINISTRO,ID_LOCALIDAD,STOCK_MINIMO,STOCK_MAXIMO,STOCK_ACTUAL) values ('11','13','10','1000','80');
Insert into P_INVENTARIO (ID_SUMINISTRO,ID_LOCALIDAD,STOCK_MINIMO,STOCK_MAXIMO,STOCK_ACTUAL) values ('11','14','10','1000','80');
Insert into P_INVENTARIO (ID_SUMINISTRO,ID_LOCALIDAD,STOCK_MINIMO,STOCK_MAXIMO,STOCK_ACTUAL) values ('11','15','10','1000','80');
Insert into P_INVENTARIO (ID_SUMINISTRO,ID_LOCALIDAD,STOCK_MINIMO,STOCK_MAXIMO,STOCK_ACTUAL) values ('11','16','10','1000','80');
Insert into P_INVENTARIO (ID_SUMINISTRO,ID_LOCALIDAD,STOCK_MINIMO,STOCK_MAXIMO,STOCK_ACTUAL) values ('11','17','10','1000','80');
Insert into P_INVENTARIO (ID_SUMINISTRO,ID_LOCALIDAD,STOCK_MINIMO,STOCK_MAXIMO,STOCK_ACTUAL) values ('11','18','10','1000','80');
Insert into P_INVENTARIO (ID_SUMINISTRO,ID_LOCALIDAD,STOCK_MINIMO,STOCK_MAXIMO,STOCK_ACTUAL) values ('11','19','10','1000','80');
Insert into P_INVENTARIO (ID_SUMINISTRO,ID_LOCALIDAD,STOCK_MINIMO,STOCK_MAXIMO,STOCK_ACTUAL) values ('11','20','10','1000','80');
Insert into P_INVENTARIO (ID_SUMINISTRO,ID_LOCALIDAD,STOCK_MINIMO,STOCK_MAXIMO,STOCK_ACTUAL) values ('12','1','10','1000','80');
Insert into P_INVENTARIO (ID_SUMINISTRO,ID_LOCALIDAD,STOCK_MINIMO,STOCK_MAXIMO,STOCK_ACTUAL) values ('12','2','10','1000','80');
Insert into P_INVENTARIO (ID_SUMINISTRO,ID_LOCALIDAD,STOCK_MINIMO,STOCK_MAXIMO,STOCK_ACTUAL) values ('12','3','10','1000','80');
Insert into P_INVENTARIO (ID_SUMINISTRO,ID_LOCALIDAD,STOCK_MINIMO,STOCK_MAXIMO,STOCK_ACTUAL) values ('12','4','10','1000','80');
Insert into P_INVENTARIO (ID_SUMINISTRO,ID_LOCALIDAD,STOCK_MINIMO,STOCK_MAXIMO,STOCK_ACTUAL) values ('12','5','10','1000','80');
Insert into P_INVENTARIO (ID_SUMINISTRO,ID_LOCALIDAD,STOCK_MINIMO,STOCK_MAXIMO,STOCK_ACTUAL) values ('12','6','10','1000','80');
Insert into P_INVENTARIO (ID_SUMINISTRO,ID_LOCALIDAD,STOCK_MINIMO,STOCK_MAXIMO,STOCK_ACTUAL) values ('12','7','10','1000','80');
Insert into P_INVENTARIO (ID_SUMINISTRO,ID_LOCALIDAD,STOCK_MINIMO,STOCK_MAXIMO,STOCK_ACTUAL) values ('12','8','10','1000','80');
Insert into P_INVENTARIO (ID_SUMINISTRO,ID_LOCALIDAD,STOCK_MINIMO,STOCK_MAXIMO,STOCK_ACTUAL) values ('12','9','10','1000','80');
Insert into P_INVENTARIO (ID_SUMINISTRO,ID_LOCALIDAD,STOCK_MINIMO,STOCK_MAXIMO,STOCK_ACTUAL) values ('12','10','10','1000','80');
Insert into P_INVENTARIO (ID_SUMINISTRO,ID_LOCALIDAD,STOCK_MINIMO,STOCK_MAXIMO,STOCK_ACTUAL) values ('12','11','10','1000','80');
Insert into P_INVENTARIO (ID_SUMINISTRO,ID_LOCALIDAD,STOCK_MINIMO,STOCK_MAXIMO,STOCK_ACTUAL) values ('12','12','10','1000','80');
Insert into P_INVENTARIO (ID_SUMINISTRO,ID_LOCALIDAD,STOCK_MINIMO,STOCK_MAXIMO,STOCK_ACTUAL) values ('12','13','10','1000','80');
Insert into P_INVENTARIO (ID_SUMINISTRO,ID_LOCALIDAD,STOCK_MINIMO,STOCK_MAXIMO,STOCK_ACTUAL) values ('12','14','10','1000','80');
Insert into P_INVENTARIO (ID_SUMINISTRO,ID_LOCALIDAD,STOCK_MINIMO,STOCK_MAXIMO,STOCK_ACTUAL) values ('12','15','10','1000','80');
Insert into P_INVENTARIO (ID_SUMINISTRO,ID_LOCALIDAD,STOCK_MINIMO,STOCK_MAXIMO,STOCK_ACTUAL) values ('12','16','10','1000','80');
Insert into P_INVENTARIO (ID_SUMINISTRO,ID_LOCALIDAD,STOCK_MINIMO,STOCK_MAXIMO,STOCK_ACTUAL) values ('12','17','10','1000','80');
Insert into P_INVENTARIO (ID_SUMINISTRO,ID_LOCALIDAD,STOCK_MINIMO,STOCK_MAXIMO,STOCK_ACTUAL) values ('12','18','10','1000','80');
Insert into P_INVENTARIO (ID_SUMINISTRO,ID_LOCALIDAD,STOCK_MINIMO,STOCK_MAXIMO,STOCK_ACTUAL) values ('12','19','10','1000','80');
Insert into P_INVENTARIO (ID_SUMINISTRO,ID_LOCALIDAD,STOCK_MINIMO,STOCK_MAXIMO,STOCK_ACTUAL) values ('12','20','10','1000','80');
Insert into P_INVENTARIO (ID_SUMINISTRO,ID_LOCALIDAD,STOCK_MINIMO,STOCK_MAXIMO,STOCK_ACTUAL) values ('13','1','10','1000','80');
Insert into P_INVENTARIO (ID_SUMINISTRO,ID_LOCALIDAD,STOCK_MINIMO,STOCK_MAXIMO,STOCK_ACTUAL) values ('13','2','10','1000','80');
Insert into P_INVENTARIO (ID_SUMINISTRO,ID_LOCALIDAD,STOCK_MINIMO,STOCK_MAXIMO,STOCK_ACTUAL) values ('13','3','10','1000','80');
Insert into P_INVENTARIO (ID_SUMINISTRO,ID_LOCALIDAD,STOCK_MINIMO,STOCK_MAXIMO,STOCK_ACTUAL) values ('13','4','10','1000','80');
Insert into P_INVENTARIO (ID_SUMINISTRO,ID_LOCALIDAD,STOCK_MINIMO,STOCK_MAXIMO,STOCK_ACTUAL) values ('13','5','10','1000','80');
Insert into P_INVENTARIO (ID_SUMINISTRO,ID_LOCALIDAD,STOCK_MINIMO,STOCK_MAXIMO,STOCK_ACTUAL) values ('13','6','10','1000','80');
Insert into P_INVENTARIO (ID_SUMINISTRO,ID_LOCALIDAD,STOCK_MINIMO,STOCK_MAXIMO,STOCK_ACTUAL) values ('13','7','10','1000','80');
Insert into P_INVENTARIO (ID_SUMINISTRO,ID_LOCALIDAD,STOCK_MINIMO,STOCK_MAXIMO,STOCK_ACTUAL) values ('13','8','10','1000','80');
Insert into P_INVENTARIO (ID_SUMINISTRO,ID_LOCALIDAD,STOCK_MINIMO,STOCK_MAXIMO,STOCK_ACTUAL) values ('13','9','10','1000','80');
Insert into P_INVENTARIO (ID_SUMINISTRO,ID_LOCALIDAD,STOCK_MINIMO,STOCK_MAXIMO,STOCK_ACTUAL) values ('13','10','10','1000','80');
Insert into P_INVENTARIO (ID_SUMINISTRO,ID_LOCALIDAD,STOCK_MINIMO,STOCK_MAXIMO,STOCK_ACTUAL) values ('13','11','10','1000','80');
Insert into P_INVENTARIO (ID_SUMINISTRO,ID_LOCALIDAD,STOCK_MINIMO,STOCK_MAXIMO,STOCK_ACTUAL) values ('13','12','10','1000','80');
Insert into P_INVENTARIO (ID_SUMINISTRO,ID_LOCALIDAD,STOCK_MINIMO,STOCK_MAXIMO,STOCK_ACTUAL) values ('13','13','10','1000','80');
Insert into P_INVENTARIO (ID_SUMINISTRO,ID_LOCALIDAD,STOCK_MINIMO,STOCK_MAXIMO,STOCK_ACTUAL) values ('13','14','10','1000','80');
Insert into P_INVENTARIO (ID_SUMINISTRO,ID_LOCALIDAD,STOCK_MINIMO,STOCK_MAXIMO,STOCK_ACTUAL) values ('13','15','10','1000','80');
Insert into P_INVENTARIO (ID_SUMINISTRO,ID_LOCALIDAD,STOCK_MINIMO,STOCK_MAXIMO,STOCK_ACTUAL) values ('13','16','10','1000','80');
Insert into P_INVENTARIO (ID_SUMINISTRO,ID_LOCALIDAD,STOCK_MINIMO,STOCK_MAXIMO,STOCK_ACTUAL) values ('13','17','10','1000','80');
Insert into P_INVENTARIO (ID_SUMINISTRO,ID_LOCALIDAD,STOCK_MINIMO,STOCK_MAXIMO,STOCK_ACTUAL) values ('13','18','10','1000','80');
Insert into P_INVENTARIO (ID_SUMINISTRO,ID_LOCALIDAD,STOCK_MINIMO,STOCK_MAXIMO,STOCK_ACTUAL) values ('13','19','10','1000','80');
Insert into P_INVENTARIO (ID_SUMINISTRO,ID_LOCALIDAD,STOCK_MINIMO,STOCK_MAXIMO,STOCK_ACTUAL) values ('13','20','10','1000','80');
Insert into P_INVENTARIO (ID_SUMINISTRO,ID_LOCALIDAD,STOCK_MINIMO,STOCK_MAXIMO,STOCK_ACTUAL) values ('14','1','10','1000','80');
Insert into P_INVENTARIO (ID_SUMINISTRO,ID_LOCALIDAD,STOCK_MINIMO,STOCK_MAXIMO,STOCK_ACTUAL) values ('14','2','10','1000','80');
Insert into P_INVENTARIO (ID_SUMINISTRO,ID_LOCALIDAD,STOCK_MINIMO,STOCK_MAXIMO,STOCK_ACTUAL) values ('14','3','10','1000','80');
Insert into P_INVENTARIO (ID_SUMINISTRO,ID_LOCALIDAD,STOCK_MINIMO,STOCK_MAXIMO,STOCK_ACTUAL) values ('14','4','10','1000','80');
Insert into P_INVENTARIO (ID_SUMINISTRO,ID_LOCALIDAD,STOCK_MINIMO,STOCK_MAXIMO,STOCK_ACTUAL) values ('14','5','10','1000','80');
Insert into P_INVENTARIO (ID_SUMINISTRO,ID_LOCALIDAD,STOCK_MINIMO,STOCK_MAXIMO,STOCK_ACTUAL) values ('14','6','10','1000','80');
Insert into P_INVENTARIO (ID_SUMINISTRO,ID_LOCALIDAD,STOCK_MINIMO,STOCK_MAXIMO,STOCK_ACTUAL) values ('14','7','10','1000','80');
Insert into P_INVENTARIO (ID_SUMINISTRO,ID_LOCALIDAD,STOCK_MINIMO,STOCK_MAXIMO,STOCK_ACTUAL) values ('14','8','10','1000','80');
Insert into P_INVENTARIO (ID_SUMINISTRO,ID_LOCALIDAD,STOCK_MINIMO,STOCK_MAXIMO,STOCK_ACTUAL) values ('14','9','10','1000','80');
Insert into P_INVENTARIO (ID_SUMINISTRO,ID_LOCALIDAD,STOCK_MINIMO,STOCK_MAXIMO,STOCK_ACTUAL) values ('14','10','10','1000','80');
Insert into P_INVENTARIO (ID_SUMINISTRO,ID_LOCALIDAD,STOCK_MINIMO,STOCK_MAXIMO,STOCK_ACTUAL) values ('14','11','10','1000','80');
Insert into P_INVENTARIO (ID_SUMINISTRO,ID_LOCALIDAD,STOCK_MINIMO,STOCK_MAXIMO,STOCK_ACTUAL) values ('14','12','10','1000','80');
Insert into P_INVENTARIO (ID_SUMINISTRO,ID_LOCALIDAD,STOCK_MINIMO,STOCK_MAXIMO,STOCK_ACTUAL) values ('14','13','10','1000','80');
Insert into P_INVENTARIO (ID_SUMINISTRO,ID_LOCALIDAD,STOCK_MINIMO,STOCK_MAXIMO,STOCK_ACTUAL) values ('14','14','10','1000','80');
Insert into P_INVENTARIO (ID_SUMINISTRO,ID_LOCALIDAD,STOCK_MINIMO,STOCK_MAXIMO,STOCK_ACTUAL) values ('14','15','10','1000','80');
Insert into P_INVENTARIO (ID_SUMINISTRO,ID_LOCALIDAD,STOCK_MINIMO,STOCK_MAXIMO,STOCK_ACTUAL) values ('14','16','10','1000','80');
Insert into P_INVENTARIO (ID_SUMINISTRO,ID_LOCALIDAD,STOCK_MINIMO,STOCK_MAXIMO,STOCK_ACTUAL) values ('14','17','10','1000','80');
Insert into P_INVENTARIO (ID_SUMINISTRO,ID_LOCALIDAD,STOCK_MINIMO,STOCK_MAXIMO,STOCK_ACTUAL) values ('14','18','10','1000','80');
Insert into P_INVENTARIO (ID_SUMINISTRO,ID_LOCALIDAD,STOCK_MINIMO,STOCK_MAXIMO,STOCK_ACTUAL) values ('14','19','10','1000','80');
Insert into P_INVENTARIO (ID_SUMINISTRO,ID_LOCALIDAD,STOCK_MINIMO,STOCK_MAXIMO,STOCK_ACTUAL) values ('14','20','10','1000','80');
Insert into P_INVENTARIO (ID_SUMINISTRO,ID_LOCALIDAD,STOCK_MINIMO,STOCK_MAXIMO,STOCK_ACTUAL) values ('15','1','10','1000','80');
Insert into P_INVENTARIO (ID_SUMINISTRO,ID_LOCALIDAD,STOCK_MINIMO,STOCK_MAXIMO,STOCK_ACTUAL) values ('15','2','10','1000','80');
Insert into P_INVENTARIO (ID_SUMINISTRO,ID_LOCALIDAD,STOCK_MINIMO,STOCK_MAXIMO,STOCK_ACTUAL) values ('15','3','10','1000','80');
Insert into P_INVENTARIO (ID_SUMINISTRO,ID_LOCALIDAD,STOCK_MINIMO,STOCK_MAXIMO,STOCK_ACTUAL) values ('15','4','10','1000','80');
Insert into P_INVENTARIO (ID_SUMINISTRO,ID_LOCALIDAD,STOCK_MINIMO,STOCK_MAXIMO,STOCK_ACTUAL) values ('15','5','10','1000','80');
Insert into P_INVENTARIO (ID_SUMINISTRO,ID_LOCALIDAD,STOCK_MINIMO,STOCK_MAXIMO,STOCK_ACTUAL) values ('15','6','10','1000','80');
Insert into P_INVENTARIO (ID_SUMINISTRO,ID_LOCALIDAD,STOCK_MINIMO,STOCK_MAXIMO,STOCK_ACTUAL) values ('15','7','10','1000','80');
Insert into P_INVENTARIO (ID_SUMINISTRO,ID_LOCALIDAD,STOCK_MINIMO,STOCK_MAXIMO,STOCK_ACTUAL) values ('15','8','10','1000','80');
Insert into P_INVENTARIO (ID_SUMINISTRO,ID_LOCALIDAD,STOCK_MINIMO,STOCK_MAXIMO,STOCK_ACTUAL) values ('15','9','10','1000','80');
Insert into P_INVENTARIO (ID_SUMINISTRO,ID_LOCALIDAD,STOCK_MINIMO,STOCK_MAXIMO,STOCK_ACTUAL) values ('15','10','10','1000','80');
Insert into P_INVENTARIO (ID_SUMINISTRO,ID_LOCALIDAD,STOCK_MINIMO,STOCK_MAXIMO,STOCK_ACTUAL) values ('15','11','10','1000','80');
Insert into P_INVENTARIO (ID_SUMINISTRO,ID_LOCALIDAD,STOCK_MINIMO,STOCK_MAXIMO,STOCK_ACTUAL) values ('15','12','10','1000','80');
Insert into P_INVENTARIO (ID_SUMINISTRO,ID_LOCALIDAD,STOCK_MINIMO,STOCK_MAXIMO,STOCK_ACTUAL) values ('15','13','10','1000','80');
Insert into P_INVENTARIO (ID_SUMINISTRO,ID_LOCALIDAD,STOCK_MINIMO,STOCK_MAXIMO,STOCK_ACTUAL) values ('15','14','10','1000','80');
Insert into P_INVENTARIO (ID_SUMINISTRO,ID_LOCALIDAD,STOCK_MINIMO,STOCK_MAXIMO,STOCK_ACTUAL) values ('15','15','10','1000','80');
Insert into P_INVENTARIO (ID_SUMINISTRO,ID_LOCALIDAD,STOCK_MINIMO,STOCK_MAXIMO,STOCK_ACTUAL) values ('15','16','10','1000','80');
Insert into P_INVENTARIO (ID_SUMINISTRO,ID_LOCALIDAD,STOCK_MINIMO,STOCK_MAXIMO,STOCK_ACTUAL) values ('15','17','10','1000','80');
Insert into P_INVENTARIO (ID_SUMINISTRO,ID_LOCALIDAD,STOCK_MINIMO,STOCK_MAXIMO,STOCK_ACTUAL) values ('15','18','10','1000','80');
Insert into P_INVENTARIO (ID_SUMINISTRO,ID_LOCALIDAD,STOCK_MINIMO,STOCK_MAXIMO,STOCK_ACTUAL) values ('15','19','10','1000','80');
Insert into P_INVENTARIO (ID_SUMINISTRO,ID_LOCALIDAD,STOCK_MINIMO,STOCK_MAXIMO,STOCK_ACTUAL) values ('15','20','10','1000','80');
Insert into P_INVENTARIO (ID_SUMINISTRO,ID_LOCALIDAD,STOCK_MINIMO,STOCK_MAXIMO,STOCK_ACTUAL) values ('16','1','10','1000','80');
Insert into P_INVENTARIO (ID_SUMINISTRO,ID_LOCALIDAD,STOCK_MINIMO,STOCK_MAXIMO,STOCK_ACTUAL) values ('16','2','10','1000','80');
Insert into P_INVENTARIO (ID_SUMINISTRO,ID_LOCALIDAD,STOCK_MINIMO,STOCK_MAXIMO,STOCK_ACTUAL) values ('16','3','10','1000','80');
Insert into P_INVENTARIO (ID_SUMINISTRO,ID_LOCALIDAD,STOCK_MINIMO,STOCK_MAXIMO,STOCK_ACTUAL) values ('16','4','10','1000','80');
Insert into P_INVENTARIO (ID_SUMINISTRO,ID_LOCALIDAD,STOCK_MINIMO,STOCK_MAXIMO,STOCK_ACTUAL) values ('16','5','10','1000','80');
Insert into P_INVENTARIO (ID_SUMINISTRO,ID_LOCALIDAD,STOCK_MINIMO,STOCK_MAXIMO,STOCK_ACTUAL) values ('16','6','10','1000','80');
Insert into P_INVENTARIO (ID_SUMINISTRO,ID_LOCALIDAD,STOCK_MINIMO,STOCK_MAXIMO,STOCK_ACTUAL) values ('16','7','10','1000','80');
Insert into P_INVENTARIO (ID_SUMINISTRO,ID_LOCALIDAD,STOCK_MINIMO,STOCK_MAXIMO,STOCK_ACTUAL) values ('16','8','10','1000','80');
Insert into P_INVENTARIO (ID_SUMINISTRO,ID_LOCALIDAD,STOCK_MINIMO,STOCK_MAXIMO,STOCK_ACTUAL) values ('16','9','10','1000','80');
Insert into P_INVENTARIO (ID_SUMINISTRO,ID_LOCALIDAD,STOCK_MINIMO,STOCK_MAXIMO,STOCK_ACTUAL) values ('16','10','10','1000','80');
Insert into P_INVENTARIO (ID_SUMINISTRO,ID_LOCALIDAD,STOCK_MINIMO,STOCK_MAXIMO,STOCK_ACTUAL) values ('16','11','10','1000','80');
Insert into P_INVENTARIO (ID_SUMINISTRO,ID_LOCALIDAD,STOCK_MINIMO,STOCK_MAXIMO,STOCK_ACTUAL) values ('16','12','10','1000','80');
Insert into P_INVENTARIO (ID_SUMINISTRO,ID_LOCALIDAD,STOCK_MINIMO,STOCK_MAXIMO,STOCK_ACTUAL) values ('16','13','10','1000','80');
Insert into P_INVENTARIO (ID_SUMINISTRO,ID_LOCALIDAD,STOCK_MINIMO,STOCK_MAXIMO,STOCK_ACTUAL) values ('16','14','10','1000','80');
Insert into P_INVENTARIO (ID_SUMINISTRO,ID_LOCALIDAD,STOCK_MINIMO,STOCK_MAXIMO,STOCK_ACTUAL) values ('16','15','10','1000','80');
Insert into P_INVENTARIO (ID_SUMINISTRO,ID_LOCALIDAD,STOCK_MINIMO,STOCK_MAXIMO,STOCK_ACTUAL) values ('16','16','10','1000','80');
Insert into P_INVENTARIO (ID_SUMINISTRO,ID_LOCALIDAD,STOCK_MINIMO,STOCK_MAXIMO,STOCK_ACTUAL) values ('16','17','10','1000','80');
Insert into P_INVENTARIO (ID_SUMINISTRO,ID_LOCALIDAD,STOCK_MINIMO,STOCK_MAXIMO,STOCK_ACTUAL) values ('16','18','10','1000','80');
Insert into P_INVENTARIO (ID_SUMINISTRO,ID_LOCALIDAD,STOCK_MINIMO,STOCK_MAXIMO,STOCK_ACTUAL) values ('16','19','10','1000','80');
Insert into P_INVENTARIO (ID_SUMINISTRO,ID_LOCALIDAD,STOCK_MINIMO,STOCK_MAXIMO,STOCK_ACTUAL) values ('16','20','10','1000','80');
Insert into P_INVENTARIO (ID_SUMINISTRO,ID_LOCALIDAD,STOCK_MINIMO,STOCK_MAXIMO,STOCK_ACTUAL) values ('17','1','10','1000','80');
Insert into P_INVENTARIO (ID_SUMINISTRO,ID_LOCALIDAD,STOCK_MINIMO,STOCK_MAXIMO,STOCK_ACTUAL) values ('17','3','10','1000','80');
Insert into P_INVENTARIO (ID_SUMINISTRO,ID_LOCALIDAD,STOCK_MINIMO,STOCK_MAXIMO,STOCK_ACTUAL) values ('17','4','10','1000','80');
Insert into P_INVENTARIO (ID_SUMINISTRO,ID_LOCALIDAD,STOCK_MINIMO,STOCK_MAXIMO,STOCK_ACTUAL) values ('17','5','10','1000','80');
Insert into P_INVENTARIO (ID_SUMINISTRO,ID_LOCALIDAD,STOCK_MINIMO,STOCK_MAXIMO,STOCK_ACTUAL) values ('17','6','10','1000','80');
Insert into P_INVENTARIO (ID_SUMINISTRO,ID_LOCALIDAD,STOCK_MINIMO,STOCK_MAXIMO,STOCK_ACTUAL) values ('17','7','10','1000','80');
Insert into P_INVENTARIO (ID_SUMINISTRO,ID_LOCALIDAD,STOCK_MINIMO,STOCK_MAXIMO,STOCK_ACTUAL) values ('17','9','10','1000','80');
Insert into P_INVENTARIO (ID_SUMINISTRO,ID_LOCALIDAD,STOCK_MINIMO,STOCK_MAXIMO,STOCK_ACTUAL) values ('17','10','10','1000','80');
Insert into P_INVENTARIO (ID_SUMINISTRO,ID_LOCALIDAD,STOCK_MINIMO,STOCK_MAXIMO,STOCK_ACTUAL) values ('17','11','10','1000','80');
Insert into P_INVENTARIO (ID_SUMINISTRO,ID_LOCALIDAD,STOCK_MINIMO,STOCK_MAXIMO,STOCK_ACTUAL) values ('17','12','10','1000','80');
Insert into P_INVENTARIO (ID_SUMINISTRO,ID_LOCALIDAD,STOCK_MINIMO,STOCK_MAXIMO,STOCK_ACTUAL) values ('17','13','10','1000','80');
Insert into P_INVENTARIO (ID_SUMINISTRO,ID_LOCALIDAD,STOCK_MINIMO,STOCK_MAXIMO,STOCK_ACTUAL) values ('17','14','10','1000','80');
Insert into P_INVENTARIO (ID_SUMINISTRO,ID_LOCALIDAD,STOCK_MINIMO,STOCK_MAXIMO,STOCK_ACTUAL) values ('17','15','10','1000','80');
Insert into P_INVENTARIO (ID_SUMINISTRO,ID_LOCALIDAD,STOCK_MINIMO,STOCK_MAXIMO,STOCK_ACTUAL) values ('17','16','10','1000','80');
Insert into P_INVENTARIO (ID_SUMINISTRO,ID_LOCALIDAD,STOCK_MINIMO,STOCK_MAXIMO,STOCK_ACTUAL) values ('17','17','10','1000','80');
Insert into P_INVENTARIO (ID_SUMINISTRO,ID_LOCALIDAD,STOCK_MINIMO,STOCK_MAXIMO,STOCK_ACTUAL) values ('17','18','10','1000','80');
Insert into P_INVENTARIO (ID_SUMINISTRO,ID_LOCALIDAD,STOCK_MINIMO,STOCK_MAXIMO,STOCK_ACTUAL) values ('17','19','10','1000','80');
Insert into P_INVENTARIO (ID_SUMINISTRO,ID_LOCALIDAD,STOCK_MINIMO,STOCK_MAXIMO,STOCK_ACTUAL) values ('17','20','10','1000','80');
Insert into P_INVENTARIO (ID_SUMINISTRO,ID_LOCALIDAD,STOCK_MINIMO,STOCK_MAXIMO,STOCK_ACTUAL) values ('18','3','10','1000','80');
Insert into P_INVENTARIO (ID_SUMINISTRO,ID_LOCALIDAD,STOCK_MINIMO,STOCK_MAXIMO,STOCK_ACTUAL) values ('18','4','10','1000','80');
Insert into P_INVENTARIO (ID_SUMINISTRO,ID_LOCALIDAD,STOCK_MINIMO,STOCK_MAXIMO,STOCK_ACTUAL) values ('18','5','10','1000','80');
Insert into P_INVENTARIO (ID_SUMINISTRO,ID_LOCALIDAD,STOCK_MINIMO,STOCK_MAXIMO,STOCK_ACTUAL) values ('18','6','10','1000','80');
Insert into P_INVENTARIO (ID_SUMINISTRO,ID_LOCALIDAD,STOCK_MINIMO,STOCK_MAXIMO,STOCK_ACTUAL) values ('18','7','10','1000','80');
Insert into P_INVENTARIO (ID_SUMINISTRO,ID_LOCALIDAD,STOCK_MINIMO,STOCK_MAXIMO,STOCK_ACTUAL) values ('18','8','10','1000','80');
Insert into P_INVENTARIO (ID_SUMINISTRO,ID_LOCALIDAD,STOCK_MINIMO,STOCK_MAXIMO,STOCK_ACTUAL) values ('18','9','10','1000','80');
Insert into P_INVENTARIO (ID_SUMINISTRO,ID_LOCALIDAD,STOCK_MINIMO,STOCK_MAXIMO,STOCK_ACTUAL) values ('18','10','10','1000','80');
Insert into P_INVENTARIO (ID_SUMINISTRO,ID_LOCALIDAD,STOCK_MINIMO,STOCK_MAXIMO,STOCK_ACTUAL) values ('18','11','10','1000','80');
Insert into P_INVENTARIO (ID_SUMINISTRO,ID_LOCALIDAD,STOCK_MINIMO,STOCK_MAXIMO,STOCK_ACTUAL) values ('18','12','10','1000','80');
Insert into P_INVENTARIO (ID_SUMINISTRO,ID_LOCALIDAD,STOCK_MINIMO,STOCK_MAXIMO,STOCK_ACTUAL) values ('18','13','10','1000','80');
Insert into P_INVENTARIO (ID_SUMINISTRO,ID_LOCALIDAD,STOCK_MINIMO,STOCK_MAXIMO,STOCK_ACTUAL) values ('18','14','10','1000','80');
Insert into P_INVENTARIO (ID_SUMINISTRO,ID_LOCALIDAD,STOCK_MINIMO,STOCK_MAXIMO,STOCK_ACTUAL) values ('18','15','10','1000','80');
Insert into P_INVENTARIO (ID_SUMINISTRO,ID_LOCALIDAD,STOCK_MINIMO,STOCK_MAXIMO,STOCK_ACTUAL) values ('18','16','10','1000','80');
Insert into P_INVENTARIO (ID_SUMINISTRO,ID_LOCALIDAD,STOCK_MINIMO,STOCK_MAXIMO,STOCK_ACTUAL) values ('18','17','10','1000','80');
Insert into P_INVENTARIO (ID_SUMINISTRO,ID_LOCALIDAD,STOCK_MINIMO,STOCK_MAXIMO,STOCK_ACTUAL) values ('18','18','10','1000','80');
Insert into P_INVENTARIO (ID_SUMINISTRO,ID_LOCALIDAD,STOCK_MINIMO,STOCK_MAXIMO,STOCK_ACTUAL) values ('18','19','10','1000','80');
Insert into P_INVENTARIO (ID_SUMINISTRO,ID_LOCALIDAD,STOCK_MINIMO,STOCK_MAXIMO,STOCK_ACTUAL) values ('18','20','10','1000','80');
Insert into P_INVENTARIO (ID_SUMINISTRO,ID_LOCALIDAD,STOCK_MINIMO,STOCK_MAXIMO,STOCK_ACTUAL) values ('19','1','10','1000','80');
Insert into P_INVENTARIO (ID_SUMINISTRO,ID_LOCALIDAD,STOCK_MINIMO,STOCK_MAXIMO,STOCK_ACTUAL) values ('19','2','10','1000','80');
Insert into P_INVENTARIO (ID_SUMINISTRO,ID_LOCALIDAD,STOCK_MINIMO,STOCK_MAXIMO,STOCK_ACTUAL) values ('19','3','10','1000','80');
Insert into P_INVENTARIO (ID_SUMINISTRO,ID_LOCALIDAD,STOCK_MINIMO,STOCK_MAXIMO,STOCK_ACTUAL) values ('19','4','10','1000','80');
Insert into P_INVENTARIO (ID_SUMINISTRO,ID_LOCALIDAD,STOCK_MINIMO,STOCK_MAXIMO,STOCK_ACTUAL) values ('19','5','10','1000','80');
Insert into P_INVENTARIO (ID_SUMINISTRO,ID_LOCALIDAD,STOCK_MINIMO,STOCK_MAXIMO,STOCK_ACTUAL) values ('19','6','10','1000','80');
Insert into P_INVENTARIO (ID_SUMINISTRO,ID_LOCALIDAD,STOCK_MINIMO,STOCK_MAXIMO,STOCK_ACTUAL) values ('19','7','10','1000','80');
Insert into P_INVENTARIO (ID_SUMINISTRO,ID_LOCALIDAD,STOCK_MINIMO,STOCK_MAXIMO,STOCK_ACTUAL) values ('19','8','10','1000','80');
Insert into P_INVENTARIO (ID_SUMINISTRO,ID_LOCALIDAD,STOCK_MINIMO,STOCK_MAXIMO,STOCK_ACTUAL) values ('19','9','10','1000','80');
Insert into P_INVENTARIO (ID_SUMINISTRO,ID_LOCALIDAD,STOCK_MINIMO,STOCK_MAXIMO,STOCK_ACTUAL) values ('19','10','10','1000','80');
Insert into P_INVENTARIO (ID_SUMINISTRO,ID_LOCALIDAD,STOCK_MINIMO,STOCK_MAXIMO,STOCK_ACTUAL) values ('19','11','10','1000','80');
Insert into P_INVENTARIO (ID_SUMINISTRO,ID_LOCALIDAD,STOCK_MINIMO,STOCK_MAXIMO,STOCK_ACTUAL) values ('19','12','10','1000','80');
Insert into P_INVENTARIO (ID_SUMINISTRO,ID_LOCALIDAD,STOCK_MINIMO,STOCK_MAXIMO,STOCK_ACTUAL) values ('19','13','10','1000','80');
Insert into P_INVENTARIO (ID_SUMINISTRO,ID_LOCALIDAD,STOCK_MINIMO,STOCK_MAXIMO,STOCK_ACTUAL) values ('19','14','10','1000','80');
Insert into P_INVENTARIO (ID_SUMINISTRO,ID_LOCALIDAD,STOCK_MINIMO,STOCK_MAXIMO,STOCK_ACTUAL) values ('19','15','10','1000','80');
Insert into P_INVENTARIO (ID_SUMINISTRO,ID_LOCALIDAD,STOCK_MINIMO,STOCK_MAXIMO,STOCK_ACTUAL) values ('19','16','10','1000','80');
Insert into P_INVENTARIO (ID_SUMINISTRO,ID_LOCALIDAD,STOCK_MINIMO,STOCK_MAXIMO,STOCK_ACTUAL) values ('19','17','10','1000','80');
Insert into P_INVENTARIO (ID_SUMINISTRO,ID_LOCALIDAD,STOCK_MINIMO,STOCK_MAXIMO,STOCK_ACTUAL) values ('19','18','10','1000','80');
Insert into P_INVENTARIO (ID_SUMINISTRO,ID_LOCALIDAD,STOCK_MINIMO,STOCK_MAXIMO,STOCK_ACTUAL) values ('19','19','10','1000','80');
Insert into P_INVENTARIO (ID_SUMINISTRO,ID_LOCALIDAD,STOCK_MINIMO,STOCK_MAXIMO,STOCK_ACTUAL) values ('19','20','10','1000','80');
Insert into P_INVENTARIO (ID_SUMINISTRO,ID_LOCALIDAD,STOCK_MINIMO,STOCK_MAXIMO,STOCK_ACTUAL) values ('20','1','10','1000','80');
Insert into P_INVENTARIO (ID_SUMINISTRO,ID_LOCALIDAD,STOCK_MINIMO,STOCK_MAXIMO,STOCK_ACTUAL) values ('20','2','10','1000','80');
Insert into P_INVENTARIO (ID_SUMINISTRO,ID_LOCALIDAD,STOCK_MINIMO,STOCK_MAXIMO,STOCK_ACTUAL) values ('20','3','10','1000','80');
Insert into P_INVENTARIO (ID_SUMINISTRO,ID_LOCALIDAD,STOCK_MINIMO,STOCK_MAXIMO,STOCK_ACTUAL) values ('20','4','10','1000','80');
Insert into P_INVENTARIO (ID_SUMINISTRO,ID_LOCALIDAD,STOCK_MINIMO,STOCK_MAXIMO,STOCK_ACTUAL) values ('20','5','10','1000','80');
Insert into P_INVENTARIO (ID_SUMINISTRO,ID_LOCALIDAD,STOCK_MINIMO,STOCK_MAXIMO,STOCK_ACTUAL) values ('20','6','10','1000','80');
Insert into P_INVENTARIO (ID_SUMINISTRO,ID_LOCALIDAD,STOCK_MINIMO,STOCK_MAXIMO,STOCK_ACTUAL) values ('20','7','10','1000','80');
Insert into P_INVENTARIO (ID_SUMINISTRO,ID_LOCALIDAD,STOCK_MINIMO,STOCK_MAXIMO,STOCK_ACTUAL) values ('20','8','10','1000','80');
Insert into P_INVENTARIO (ID_SUMINISTRO,ID_LOCALIDAD,STOCK_MINIMO,STOCK_MAXIMO,STOCK_ACTUAL) values ('20','9','10','1000','80');
Insert into P_INVENTARIO (ID_SUMINISTRO,ID_LOCALIDAD,STOCK_MINIMO,STOCK_MAXIMO,STOCK_ACTUAL) values ('20','10','10','1000','80');
Insert into P_INVENTARIO (ID_SUMINISTRO,ID_LOCALIDAD,STOCK_MINIMO,STOCK_MAXIMO,STOCK_ACTUAL) values ('20','11','10','1000','80');
Insert into P_INVENTARIO (ID_SUMINISTRO,ID_LOCALIDAD,STOCK_MINIMO,STOCK_MAXIMO,STOCK_ACTUAL) values ('20','12','10','1000','80');
Insert into P_INVENTARIO (ID_SUMINISTRO,ID_LOCALIDAD,STOCK_MINIMO,STOCK_MAXIMO,STOCK_ACTUAL) values ('20','13','10','1000','80');
Insert into P_INVENTARIO (ID_SUMINISTRO,ID_LOCALIDAD,STOCK_MINIMO,STOCK_MAXIMO,STOCK_ACTUAL) values ('20','14','10','1000','80');
Insert into P_INVENTARIO (ID_SUMINISTRO,ID_LOCALIDAD,STOCK_MINIMO,STOCK_MAXIMO,STOCK_ACTUAL) values ('20','15','10','1000','80');
Insert into P_INVENTARIO (ID_SUMINISTRO,ID_LOCALIDAD,STOCK_MINIMO,STOCK_MAXIMO,STOCK_ACTUAL) values ('20','16','10','1000','80');
Insert into P_INVENTARIO (ID_SUMINISTRO,ID_LOCALIDAD,STOCK_MINIMO,STOCK_MAXIMO,STOCK_ACTUAL) values ('20','17','10','1000','80');
Insert into P_INVENTARIO (ID_SUMINISTRO,ID_LOCALIDAD,STOCK_MINIMO,STOCK_MAXIMO,STOCK_ACTUAL) values ('20','18','10','1000','80');
Insert into P_INVENTARIO (ID_SUMINISTRO,ID_LOCALIDAD,STOCK_MINIMO,STOCK_MAXIMO,STOCK_ACTUAL) values ('20','19','10','1000','80');
Insert into P_INVENTARIO (ID_SUMINISTRO,ID_LOCALIDAD,STOCK_MINIMO,STOCK_MAXIMO,STOCK_ACTUAL) values ('20','20','10','1000','80');
Insert into P_INVENTARIO (ID_SUMINISTRO,ID_LOCALIDAD,STOCK_MINIMO,STOCK_MAXIMO,STOCK_ACTUAL) values ('21','1','10','1000','80');
Insert into P_INVENTARIO (ID_SUMINISTRO,ID_LOCALIDAD,STOCK_MINIMO,STOCK_MAXIMO,STOCK_ACTUAL) values ('21','2','10','1000','80');
Insert into P_INVENTARIO (ID_SUMINISTRO,ID_LOCALIDAD,STOCK_MINIMO,STOCK_MAXIMO,STOCK_ACTUAL) values ('21','3','10','1000','80');
Insert into P_INVENTARIO (ID_SUMINISTRO,ID_LOCALIDAD,STOCK_MINIMO,STOCK_MAXIMO,STOCK_ACTUAL) values ('21','4','10','1000','80');
Insert into P_INVENTARIO (ID_SUMINISTRO,ID_LOCALIDAD,STOCK_MINIMO,STOCK_MAXIMO,STOCK_ACTUAL) values ('21','6','10','1000','80');
Insert into P_INVENTARIO (ID_SUMINISTRO,ID_LOCALIDAD,STOCK_MINIMO,STOCK_MAXIMO,STOCK_ACTUAL) values ('21','7','10','1000','80');
Insert into P_INVENTARIO (ID_SUMINISTRO,ID_LOCALIDAD,STOCK_MINIMO,STOCK_MAXIMO,STOCK_ACTUAL) values ('21','8','10','1000','80');
Insert into P_INVENTARIO (ID_SUMINISTRO,ID_LOCALIDAD,STOCK_MINIMO,STOCK_MAXIMO,STOCK_ACTUAL) values ('21','9','10','1000','80');
Insert into P_INVENTARIO (ID_SUMINISTRO,ID_LOCALIDAD,STOCK_MINIMO,STOCK_MAXIMO,STOCK_ACTUAL) values ('21','10','10','1000','80');
Insert into P_INVENTARIO (ID_SUMINISTRO,ID_LOCALIDAD,STOCK_MINIMO,STOCK_MAXIMO,STOCK_ACTUAL) values ('21','11','10','1000','80');
Insert into P_INVENTARIO (ID_SUMINISTRO,ID_LOCALIDAD,STOCK_MINIMO,STOCK_MAXIMO,STOCK_ACTUAL) values ('21','12','10','1000','80');
Insert into P_INVENTARIO (ID_SUMINISTRO,ID_LOCALIDAD,STOCK_MINIMO,STOCK_MAXIMO,STOCK_ACTUAL) values ('21','13','10','1000','80');
Insert into P_INVENTARIO (ID_SUMINISTRO,ID_LOCALIDAD,STOCK_MINIMO,STOCK_MAXIMO,STOCK_ACTUAL) values ('21','14','10','1000','80');
Insert into P_INVENTARIO (ID_SUMINISTRO,ID_LOCALIDAD,STOCK_MINIMO,STOCK_MAXIMO,STOCK_ACTUAL) values ('21','15','10','1000','80');
Insert into P_INVENTARIO (ID_SUMINISTRO,ID_LOCALIDAD,STOCK_MINIMO,STOCK_MAXIMO,STOCK_ACTUAL) values ('21','16','10','1000','80');
Insert into P_INVENTARIO (ID_SUMINISTRO,ID_LOCALIDAD,STOCK_MINIMO,STOCK_MAXIMO,STOCK_ACTUAL) values ('21','18','10','1000','80');
Insert into P_INVENTARIO (ID_SUMINISTRO,ID_LOCALIDAD,STOCK_MINIMO,STOCK_MAXIMO,STOCK_ACTUAL) values ('21','19','10','1000','80');
Insert into P_INVENTARIO (ID_SUMINISTRO,ID_LOCALIDAD,STOCK_MINIMO,STOCK_MAXIMO,STOCK_ACTUAL) values ('21','20','10','1000','80');
Insert into P_INVENTARIO (ID_SUMINISTRO,ID_LOCALIDAD,STOCK_MINIMO,STOCK_MAXIMO,STOCK_ACTUAL) values ('22','1','10','1000','80');
Insert into P_INVENTARIO (ID_SUMINISTRO,ID_LOCALIDAD,STOCK_MINIMO,STOCK_MAXIMO,STOCK_ACTUAL) values ('22','2','10','1000','80');
Insert into P_INVENTARIO (ID_SUMINISTRO,ID_LOCALIDAD,STOCK_MINIMO,STOCK_MAXIMO,STOCK_ACTUAL) values ('22','3','10','1000','80');
Insert into P_INVENTARIO (ID_SUMINISTRO,ID_LOCALIDAD,STOCK_MINIMO,STOCK_MAXIMO,STOCK_ACTUAL) values ('22','4','10','1000','80');
Insert into P_INVENTARIO (ID_SUMINISTRO,ID_LOCALIDAD,STOCK_MINIMO,STOCK_MAXIMO,STOCK_ACTUAL) values ('22','6','10','1000','80');
Insert into P_INVENTARIO (ID_SUMINISTRO,ID_LOCALIDAD,STOCK_MINIMO,STOCK_MAXIMO,STOCK_ACTUAL) values ('22','7','10','1000','80');
Insert into P_INVENTARIO (ID_SUMINISTRO,ID_LOCALIDAD,STOCK_MINIMO,STOCK_MAXIMO,STOCK_ACTUAL) values ('22','8','10','1000','80');
Insert into P_INVENTARIO (ID_SUMINISTRO,ID_LOCALIDAD,STOCK_MINIMO,STOCK_MAXIMO,STOCK_ACTUAL) values ('22','9','10','1000','80');
Insert into P_INVENTARIO (ID_SUMINISTRO,ID_LOCALIDAD,STOCK_MINIMO,STOCK_MAXIMO,STOCK_ACTUAL) values ('22','10','10','1000','80');
Insert into P_INVENTARIO (ID_SUMINISTRO,ID_LOCALIDAD,STOCK_MINIMO,STOCK_MAXIMO,STOCK_ACTUAL) values ('22','11','10','1000','80');
Insert into P_INVENTARIO (ID_SUMINISTRO,ID_LOCALIDAD,STOCK_MINIMO,STOCK_MAXIMO,STOCK_ACTUAL) values ('22','12','10','1000','80');
Insert into P_INVENTARIO (ID_SUMINISTRO,ID_LOCALIDAD,STOCK_MINIMO,STOCK_MAXIMO,STOCK_ACTUAL) values ('22','13','10','1000','80');
Insert into P_INVENTARIO (ID_SUMINISTRO,ID_LOCALIDAD,STOCK_MINIMO,STOCK_MAXIMO,STOCK_ACTUAL) values ('22','14','10','1000','80');
Insert into P_INVENTARIO (ID_SUMINISTRO,ID_LOCALIDAD,STOCK_MINIMO,STOCK_MAXIMO,STOCK_ACTUAL) values ('22','15','10','1000','80');
Insert into P_INVENTARIO (ID_SUMINISTRO,ID_LOCALIDAD,STOCK_MINIMO,STOCK_MAXIMO,STOCK_ACTUAL) values ('22','17','10','1000','80');
Insert into P_INVENTARIO (ID_SUMINISTRO,ID_LOCALIDAD,STOCK_MINIMO,STOCK_MAXIMO,STOCK_ACTUAL) values ('22','18','10','1000','80');
Insert into P_INVENTARIO (ID_SUMINISTRO,ID_LOCALIDAD,STOCK_MINIMO,STOCK_MAXIMO,STOCK_ACTUAL) values ('22','19','10','1000','80');
Insert into P_INVENTARIO (ID_SUMINISTRO,ID_LOCALIDAD,STOCK_MINIMO,STOCK_MAXIMO,STOCK_ACTUAL) values ('22','20','10','1000','80');
Insert into P_INVENTARIO (ID_SUMINISTRO,ID_LOCALIDAD,STOCK_MINIMO,STOCK_MAXIMO,STOCK_ACTUAL) values ('23','2','10','1000','80');
Insert into P_INVENTARIO (ID_SUMINISTRO,ID_LOCALIDAD,STOCK_MINIMO,STOCK_MAXIMO,STOCK_ACTUAL) values ('23','3','10','1000','80');
Insert into P_INVENTARIO (ID_SUMINISTRO,ID_LOCALIDAD,STOCK_MINIMO,STOCK_MAXIMO,STOCK_ACTUAL) values ('23','4','10','1000','80');
Insert into P_INVENTARIO (ID_SUMINISTRO,ID_LOCALIDAD,STOCK_MINIMO,STOCK_MAXIMO,STOCK_ACTUAL) values ('23','5','10','1000','80');
Insert into P_INVENTARIO (ID_SUMINISTRO,ID_LOCALIDAD,STOCK_MINIMO,STOCK_MAXIMO,STOCK_ACTUAL) values ('23','6','10','1000','80');
Insert into P_INVENTARIO (ID_SUMINISTRO,ID_LOCALIDAD,STOCK_MINIMO,STOCK_MAXIMO,STOCK_ACTUAL) values ('23','7','10','1000','80');
Insert into P_INVENTARIO (ID_SUMINISTRO,ID_LOCALIDAD,STOCK_MINIMO,STOCK_MAXIMO,STOCK_ACTUAL) values ('23','8','10','1000','80');
Insert into P_INVENTARIO (ID_SUMINISTRO,ID_LOCALIDAD,STOCK_MINIMO,STOCK_MAXIMO,STOCK_ACTUAL) values ('23','9','10','1000','80');
Insert into P_INVENTARIO (ID_SUMINISTRO,ID_LOCALIDAD,STOCK_MINIMO,STOCK_MAXIMO,STOCK_ACTUAL) values ('23','10','10','1000','80');
Insert into P_INVENTARIO (ID_SUMINISTRO,ID_LOCALIDAD,STOCK_MINIMO,STOCK_MAXIMO,STOCK_ACTUAL) values ('23','11','10','1000','80');
Insert into P_INVENTARIO (ID_SUMINISTRO,ID_LOCALIDAD,STOCK_MINIMO,STOCK_MAXIMO,STOCK_ACTUAL) values ('23','12','10','1000','80');
Insert into P_INVENTARIO (ID_SUMINISTRO,ID_LOCALIDAD,STOCK_MINIMO,STOCK_MAXIMO,STOCK_ACTUAL) values ('23','13','10','1000','80');
Insert into P_INVENTARIO (ID_SUMINISTRO,ID_LOCALIDAD,STOCK_MINIMO,STOCK_MAXIMO,STOCK_ACTUAL) values ('23','14','10','1000','80');
Insert into P_INVENTARIO (ID_SUMINISTRO,ID_LOCALIDAD,STOCK_MINIMO,STOCK_MAXIMO,STOCK_ACTUAL) values ('23','15','10','1000','80');
Insert into P_INVENTARIO (ID_SUMINISTRO,ID_LOCALIDAD,STOCK_MINIMO,STOCK_MAXIMO,STOCK_ACTUAL) values ('23','17','10','1000','80');
Insert into P_INVENTARIO (ID_SUMINISTRO,ID_LOCALIDAD,STOCK_MINIMO,STOCK_MAXIMO,STOCK_ACTUAL) values ('23','18','10','1000','80');
Insert into P_INVENTARIO (ID_SUMINISTRO,ID_LOCALIDAD,STOCK_MINIMO,STOCK_MAXIMO,STOCK_ACTUAL) values ('23','19','10','1000','80');
Insert into P_INVENTARIO (ID_SUMINISTRO,ID_LOCALIDAD,STOCK_MINIMO,STOCK_MAXIMO,STOCK_ACTUAL) values ('23','20','10','1000','80');
Insert into P_INVENTARIO (ID_SUMINISTRO,ID_LOCALIDAD,STOCK_MINIMO,STOCK_MAXIMO,STOCK_ACTUAL) values ('24','1','10','1000','80');
Insert into P_INVENTARIO (ID_SUMINISTRO,ID_LOCALIDAD,STOCK_MINIMO,STOCK_MAXIMO,STOCK_ACTUAL) values ('24','2','10','1000','80');
Insert into P_INVENTARIO (ID_SUMINISTRO,ID_LOCALIDAD,STOCK_MINIMO,STOCK_MAXIMO,STOCK_ACTUAL) values ('24','3','10','1000','80');
Insert into P_INVENTARIO (ID_SUMINISTRO,ID_LOCALIDAD,STOCK_MINIMO,STOCK_MAXIMO,STOCK_ACTUAL) values ('24','4','10','1000','80');
Insert into P_INVENTARIO (ID_SUMINISTRO,ID_LOCALIDAD,STOCK_MINIMO,STOCK_MAXIMO,STOCK_ACTUAL) values ('24','5','10','1000','80');
Insert into P_INVENTARIO (ID_SUMINISTRO,ID_LOCALIDAD,STOCK_MINIMO,STOCK_MAXIMO,STOCK_ACTUAL) values ('24','6','10','1000','80');
Insert into P_INVENTARIO (ID_SUMINISTRO,ID_LOCALIDAD,STOCK_MINIMO,STOCK_MAXIMO,STOCK_ACTUAL) values ('24','7','10','1000','80');
Insert into P_INVENTARIO (ID_SUMINISTRO,ID_LOCALIDAD,STOCK_MINIMO,STOCK_MAXIMO,STOCK_ACTUAL) values ('24','8','10','1000','80');
Insert into P_INVENTARIO (ID_SUMINISTRO,ID_LOCALIDAD,STOCK_MINIMO,STOCK_MAXIMO,STOCK_ACTUAL) values ('24','9','10','1000','80');
Insert into P_INVENTARIO (ID_SUMINISTRO,ID_LOCALIDAD,STOCK_MINIMO,STOCK_MAXIMO,STOCK_ACTUAL) values ('24','10','10','1000','80');
Insert into P_INVENTARIO (ID_SUMINISTRO,ID_LOCALIDAD,STOCK_MINIMO,STOCK_MAXIMO,STOCK_ACTUAL) values ('24','11','10','1000','80');
Insert into P_INVENTARIO (ID_SUMINISTRO,ID_LOCALIDAD,STOCK_MINIMO,STOCK_MAXIMO,STOCK_ACTUAL) values ('24','12','10','1000','80');
Insert into P_INVENTARIO (ID_SUMINISTRO,ID_LOCALIDAD,STOCK_MINIMO,STOCK_MAXIMO,STOCK_ACTUAL) values ('24','13','10','1000','80');
Insert into P_INVENTARIO (ID_SUMINISTRO,ID_LOCALIDAD,STOCK_MINIMO,STOCK_MAXIMO,STOCK_ACTUAL) values ('24','14','10','1000','80');
Insert into P_INVENTARIO (ID_SUMINISTRO,ID_LOCALIDAD,STOCK_MINIMO,STOCK_MAXIMO,STOCK_ACTUAL) values ('24','15','10','1000','80');
Insert into P_INVENTARIO (ID_SUMINISTRO,ID_LOCALIDAD,STOCK_MINIMO,STOCK_MAXIMO,STOCK_ACTUAL) values ('24','16','10','1000','80');
Insert into P_INVENTARIO (ID_SUMINISTRO,ID_LOCALIDAD,STOCK_MINIMO,STOCK_MAXIMO,STOCK_ACTUAL) values ('24','17','10','1000','80');
Insert into P_INVENTARIO (ID_SUMINISTRO,ID_LOCALIDAD,STOCK_MINIMO,STOCK_MAXIMO,STOCK_ACTUAL) values ('24','18','10','1000','80');
Insert into P_INVENTARIO (ID_SUMINISTRO,ID_LOCALIDAD,STOCK_MINIMO,STOCK_MAXIMO,STOCK_ACTUAL) values ('24','19','10','1000','80');
Insert into P_INVENTARIO (ID_SUMINISTRO,ID_LOCALIDAD,STOCK_MINIMO,STOCK_MAXIMO,STOCK_ACTUAL) values ('24','20','10','1000','80');
Insert into P_INVENTARIO (ID_SUMINISTRO,ID_LOCALIDAD,STOCK_MINIMO,STOCK_MAXIMO,STOCK_ACTUAL) values ('25','1','10','1000','80');
Insert into P_INVENTARIO (ID_SUMINISTRO,ID_LOCALIDAD,STOCK_MINIMO,STOCK_MAXIMO,STOCK_ACTUAL) values ('25','2','10','1000','80');
Insert into P_INVENTARIO (ID_SUMINISTRO,ID_LOCALIDAD,STOCK_MINIMO,STOCK_MAXIMO,STOCK_ACTUAL) values ('25','3','10','1000','80');
Insert into P_INVENTARIO (ID_SUMINISTRO,ID_LOCALIDAD,STOCK_MINIMO,STOCK_MAXIMO,STOCK_ACTUAL) values ('25','4','10','1000','80');
Insert into P_INVENTARIO (ID_SUMINISTRO,ID_LOCALIDAD,STOCK_MINIMO,STOCK_MAXIMO,STOCK_ACTUAL) values ('25','5','10','1000','80');
Insert into P_INVENTARIO (ID_SUMINISTRO,ID_LOCALIDAD,STOCK_MINIMO,STOCK_MAXIMO,STOCK_ACTUAL) values ('25','6','10','1000','80');
Insert into P_INVENTARIO (ID_SUMINISTRO,ID_LOCALIDAD,STOCK_MINIMO,STOCK_MAXIMO,STOCK_ACTUAL) values ('25','7','10','1000','80');
Insert into P_INVENTARIO (ID_SUMINISTRO,ID_LOCALIDAD,STOCK_MINIMO,STOCK_MAXIMO,STOCK_ACTUAL) values ('25','8','10','1000','80');
Insert into P_INVENTARIO (ID_SUMINISTRO,ID_LOCALIDAD,STOCK_MINIMO,STOCK_MAXIMO,STOCK_ACTUAL) values ('25','9','10','1000','80');
Insert into P_INVENTARIO (ID_SUMINISTRO,ID_LOCALIDAD,STOCK_MINIMO,STOCK_MAXIMO,STOCK_ACTUAL) values ('25','10','10','1000','80');
Insert into P_INVENTARIO (ID_SUMINISTRO,ID_LOCALIDAD,STOCK_MINIMO,STOCK_MAXIMO,STOCK_ACTUAL) values ('25','11','10','1000','80');
Insert into P_INVENTARIO (ID_SUMINISTRO,ID_LOCALIDAD,STOCK_MINIMO,STOCK_MAXIMO,STOCK_ACTUAL) values ('25','12','10','1000','80');
Insert into P_INVENTARIO (ID_SUMINISTRO,ID_LOCALIDAD,STOCK_MINIMO,STOCK_MAXIMO,STOCK_ACTUAL) values ('25','13','10','1000','80');
Insert into P_INVENTARIO (ID_SUMINISTRO,ID_LOCALIDAD,STOCK_MINIMO,STOCK_MAXIMO,STOCK_ACTUAL) values ('25','14','10','1000','80');
Insert into P_INVENTARIO (ID_SUMINISTRO,ID_LOCALIDAD,STOCK_MINIMO,STOCK_MAXIMO,STOCK_ACTUAL) values ('25','15','10','1000','80');
Insert into P_INVENTARIO (ID_SUMINISTRO,ID_LOCALIDAD,STOCK_MINIMO,STOCK_MAXIMO,STOCK_ACTUAL) values ('25','16','10','1000','80');
Insert into P_INVENTARIO (ID_SUMINISTRO,ID_LOCALIDAD,STOCK_MINIMO,STOCK_MAXIMO,STOCK_ACTUAL) values ('25','17','10','1000','80');
Insert into P_INVENTARIO (ID_SUMINISTRO,ID_LOCALIDAD,STOCK_MINIMO,STOCK_MAXIMO,STOCK_ACTUAL) values ('25','18','10','1000','80');
Insert into P_INVENTARIO (ID_SUMINISTRO,ID_LOCALIDAD,STOCK_MINIMO,STOCK_MAXIMO,STOCK_ACTUAL) values ('25','19','10','1000','80');
Insert into P_INVENTARIO (ID_SUMINISTRO,ID_LOCALIDAD,STOCK_MINIMO,STOCK_MAXIMO,STOCK_ACTUAL) values ('25','20','10','1000','80');
Insert into P_INVENTARIO (ID_SUMINISTRO,ID_LOCALIDAD,STOCK_MINIMO,STOCK_MAXIMO,STOCK_ACTUAL) values ('26','1','10','1000','80');
Insert into P_INVENTARIO (ID_SUMINISTRO,ID_LOCALIDAD,STOCK_MINIMO,STOCK_MAXIMO,STOCK_ACTUAL) values ('26','2','10','1000','80');
Insert into P_INVENTARIO (ID_SUMINISTRO,ID_LOCALIDAD,STOCK_MINIMO,STOCK_MAXIMO,STOCK_ACTUAL) values ('26','3','10','1000','80');
Insert into P_INVENTARIO (ID_SUMINISTRO,ID_LOCALIDAD,STOCK_MINIMO,STOCK_MAXIMO,STOCK_ACTUAL) values ('26','4','10','1000','80');
Insert into P_INVENTARIO (ID_SUMINISTRO,ID_LOCALIDAD,STOCK_MINIMO,STOCK_MAXIMO,STOCK_ACTUAL) values ('26','5','10','1000','80');
Insert into P_INVENTARIO (ID_SUMINISTRO,ID_LOCALIDAD,STOCK_MINIMO,STOCK_MAXIMO,STOCK_ACTUAL) values ('26','6','10','1000','80');
Insert into P_INVENTARIO (ID_SUMINISTRO,ID_LOCALIDAD,STOCK_MINIMO,STOCK_MAXIMO,STOCK_ACTUAL) values ('26','7','10','1000','80');
Insert into P_INVENTARIO (ID_SUMINISTRO,ID_LOCALIDAD,STOCK_MINIMO,STOCK_MAXIMO,STOCK_ACTUAL) values ('26','8','10','1000','80');
Insert into P_INVENTARIO (ID_SUMINISTRO,ID_LOCALIDAD,STOCK_MINIMO,STOCK_MAXIMO,STOCK_ACTUAL) values ('26','9','10','1000','80');
Insert into P_INVENTARIO (ID_SUMINISTRO,ID_LOCALIDAD,STOCK_MINIMO,STOCK_MAXIMO,STOCK_ACTUAL) values ('26','10','10','1000','80');
Insert into P_INVENTARIO (ID_SUMINISTRO,ID_LOCALIDAD,STOCK_MINIMO,STOCK_MAXIMO,STOCK_ACTUAL) values ('26','11','10','1000','80');
Insert into P_INVENTARIO (ID_SUMINISTRO,ID_LOCALIDAD,STOCK_MINIMO,STOCK_MAXIMO,STOCK_ACTUAL) values ('26','12','10','1000','80');
Insert into P_INVENTARIO (ID_SUMINISTRO,ID_LOCALIDAD,STOCK_MINIMO,STOCK_MAXIMO,STOCK_ACTUAL) values ('26','13','10','1000','80');
Insert into P_INVENTARIO (ID_SUMINISTRO,ID_LOCALIDAD,STOCK_MINIMO,STOCK_MAXIMO,STOCK_ACTUAL) values ('26','14','10','1000','80');
Insert into P_INVENTARIO (ID_SUMINISTRO,ID_LOCALIDAD,STOCK_MINIMO,STOCK_MAXIMO,STOCK_ACTUAL) values ('26','15','10','1000','80');
Insert into P_INVENTARIO (ID_SUMINISTRO,ID_LOCALIDAD,STOCK_MINIMO,STOCK_MAXIMO,STOCK_ACTUAL) values ('26','16','10','1000','80');
Insert into P_INVENTARIO (ID_SUMINISTRO,ID_LOCALIDAD,STOCK_MINIMO,STOCK_MAXIMO,STOCK_ACTUAL) values ('26','17','10','1000','80');
Insert into P_INVENTARIO (ID_SUMINISTRO,ID_LOCALIDAD,STOCK_MINIMO,STOCK_MAXIMO,STOCK_ACTUAL) values ('26','18','10','1000','80');
Insert into P_INVENTARIO (ID_SUMINISTRO,ID_LOCALIDAD,STOCK_MINIMO,STOCK_MAXIMO,STOCK_ACTUAL) values ('26','19','10','1000','80');
Insert into P_INVENTARIO (ID_SUMINISTRO,ID_LOCALIDAD,STOCK_MINIMO,STOCK_MAXIMO,STOCK_ACTUAL) values ('26','20','10','1000','80');
Insert into P_INVENTARIO (ID_SUMINISTRO,ID_LOCALIDAD,STOCK_MINIMO,STOCK_MAXIMO,STOCK_ACTUAL) values ('27','1','10','1000','80');
Insert into P_INVENTARIO (ID_SUMINISTRO,ID_LOCALIDAD,STOCK_MINIMO,STOCK_MAXIMO,STOCK_ACTUAL) values ('27','2','10','1000','80');
Insert into P_INVENTARIO (ID_SUMINISTRO,ID_LOCALIDAD,STOCK_MINIMO,STOCK_MAXIMO,STOCK_ACTUAL) values ('27','3','10','1000','80');
Insert into P_INVENTARIO (ID_SUMINISTRO,ID_LOCALIDAD,STOCK_MINIMO,STOCK_MAXIMO,STOCK_ACTUAL) values ('27','4','10','1000','80');
Insert into P_INVENTARIO (ID_SUMINISTRO,ID_LOCALIDAD,STOCK_MINIMO,STOCK_MAXIMO,STOCK_ACTUAL) values ('27','5','10','1000','80');
Insert into P_INVENTARIO (ID_SUMINISTRO,ID_LOCALIDAD,STOCK_MINIMO,STOCK_MAXIMO,STOCK_ACTUAL) values ('27','6','10','1000','80');
Insert into P_INVENTARIO (ID_SUMINISTRO,ID_LOCALIDAD,STOCK_MINIMO,STOCK_MAXIMO,STOCK_ACTUAL) values ('27','7','10','1000','80');
Insert into P_INVENTARIO (ID_SUMINISTRO,ID_LOCALIDAD,STOCK_MINIMO,STOCK_MAXIMO,STOCK_ACTUAL) values ('27','8','10','1000','80');
Insert into P_INVENTARIO (ID_SUMINISTRO,ID_LOCALIDAD,STOCK_MINIMO,STOCK_MAXIMO,STOCK_ACTUAL) values ('27','9','10','1000','80');
Insert into P_INVENTARIO (ID_SUMINISTRO,ID_LOCALIDAD,STOCK_MINIMO,STOCK_MAXIMO,STOCK_ACTUAL) values ('27','10','10','1000','80');
Insert into P_INVENTARIO (ID_SUMINISTRO,ID_LOCALIDAD,STOCK_MINIMO,STOCK_MAXIMO,STOCK_ACTUAL) values ('27','11','10','1000','80');
Insert into P_INVENTARIO (ID_SUMINISTRO,ID_LOCALIDAD,STOCK_MINIMO,STOCK_MAXIMO,STOCK_ACTUAL) values ('27','12','10','1000','80');
Insert into P_INVENTARIO (ID_SUMINISTRO,ID_LOCALIDAD,STOCK_MINIMO,STOCK_MAXIMO,STOCK_ACTUAL) values ('27','13','10','1000','80');
Insert into P_INVENTARIO (ID_SUMINISTRO,ID_LOCALIDAD,STOCK_MINIMO,STOCK_MAXIMO,STOCK_ACTUAL) values ('27','14','10','1000','80');
Insert into P_INVENTARIO (ID_SUMINISTRO,ID_LOCALIDAD,STOCK_MINIMO,STOCK_MAXIMO,STOCK_ACTUAL) values ('27','15','10','1000','80');
Insert into P_INVENTARIO (ID_SUMINISTRO,ID_LOCALIDAD,STOCK_MINIMO,STOCK_MAXIMO,STOCK_ACTUAL) values ('27','16','10','1000','80');
Insert into P_INVENTARIO (ID_SUMINISTRO,ID_LOCALIDAD,STOCK_MINIMO,STOCK_MAXIMO,STOCK_ACTUAL) values ('27','17','10','1000','80');
Insert into P_INVENTARIO (ID_SUMINISTRO,ID_LOCALIDAD,STOCK_MINIMO,STOCK_MAXIMO,STOCK_ACTUAL) values ('27','18','10','1000','80');
Insert into P_INVENTARIO (ID_SUMINISTRO,ID_LOCALIDAD,STOCK_MINIMO,STOCK_MAXIMO,STOCK_ACTUAL) values ('27','19','10','1000','80');
Insert into P_INVENTARIO (ID_SUMINISTRO,ID_LOCALIDAD,STOCK_MINIMO,STOCK_MAXIMO,STOCK_ACTUAL) values ('27','20','10','1000','80');
Insert into P_INVENTARIO (ID_SUMINISTRO,ID_LOCALIDAD,STOCK_MINIMO,STOCK_MAXIMO,STOCK_ACTUAL) values ('28','1','10','1000','80');
Insert into P_INVENTARIO (ID_SUMINISTRO,ID_LOCALIDAD,STOCK_MINIMO,STOCK_MAXIMO,STOCK_ACTUAL) values ('28','2','10','1000','80');
Insert into P_INVENTARIO (ID_SUMINISTRO,ID_LOCALIDAD,STOCK_MINIMO,STOCK_MAXIMO,STOCK_ACTUAL) values ('28','3','10','1000','80');
Insert into P_INVENTARIO (ID_SUMINISTRO,ID_LOCALIDAD,STOCK_MINIMO,STOCK_MAXIMO,STOCK_ACTUAL) values ('28','4','10','1000','80');
Insert into P_INVENTARIO (ID_SUMINISTRO,ID_LOCALIDAD,STOCK_MINIMO,STOCK_MAXIMO,STOCK_ACTUAL) values ('28','5','10','1000','80');
Insert into P_INVENTARIO (ID_SUMINISTRO,ID_LOCALIDAD,STOCK_MINIMO,STOCK_MAXIMO,STOCK_ACTUAL) values ('28','6','10','1000','80');
Insert into P_INVENTARIO (ID_SUMINISTRO,ID_LOCALIDAD,STOCK_MINIMO,STOCK_MAXIMO,STOCK_ACTUAL) values ('28','7','10','1000','80');
Insert into P_INVENTARIO (ID_SUMINISTRO,ID_LOCALIDAD,STOCK_MINIMO,STOCK_MAXIMO,STOCK_ACTUAL) values ('28','8','10','1000','80');
Insert into P_INVENTARIO (ID_SUMINISTRO,ID_LOCALIDAD,STOCK_MINIMO,STOCK_MAXIMO,STOCK_ACTUAL) values ('28','9','10','1000','80');
Insert into P_INVENTARIO (ID_SUMINISTRO,ID_LOCALIDAD,STOCK_MINIMO,STOCK_MAXIMO,STOCK_ACTUAL) values ('28','10','10','1000','80');
Insert into P_INVENTARIO (ID_SUMINISTRO,ID_LOCALIDAD,STOCK_MINIMO,STOCK_MAXIMO,STOCK_ACTUAL) values ('28','11','10','1000','80');
Insert into P_INVENTARIO (ID_SUMINISTRO,ID_LOCALIDAD,STOCK_MINIMO,STOCK_MAXIMO,STOCK_ACTUAL) values ('28','12','10','1000','80');
Insert into P_INVENTARIO (ID_SUMINISTRO,ID_LOCALIDAD,STOCK_MINIMO,STOCK_MAXIMO,STOCK_ACTUAL) values ('28','13','10','1000','80');
Insert into P_INVENTARIO (ID_SUMINISTRO,ID_LOCALIDAD,STOCK_MINIMO,STOCK_MAXIMO,STOCK_ACTUAL) values ('28','14','10','1000','80');
Insert into P_INVENTARIO (ID_SUMINISTRO,ID_LOCALIDAD,STOCK_MINIMO,STOCK_MAXIMO,STOCK_ACTUAL) values ('28','15','10','1000','80');
Insert into P_INVENTARIO (ID_SUMINISTRO,ID_LOCALIDAD,STOCK_MINIMO,STOCK_MAXIMO,STOCK_ACTUAL) values ('28','16','10','1000','80');
Insert into P_INVENTARIO (ID_SUMINISTRO,ID_LOCALIDAD,STOCK_MINIMO,STOCK_MAXIMO,STOCK_ACTUAL) values ('28','17','10','1000','80');
Insert into P_INVENTARIO (ID_SUMINISTRO,ID_LOCALIDAD,STOCK_MINIMO,STOCK_MAXIMO,STOCK_ACTUAL) values ('28','18','10','1000','80');
Insert into P_INVENTARIO (ID_SUMINISTRO,ID_LOCALIDAD,STOCK_MINIMO,STOCK_MAXIMO,STOCK_ACTUAL) values ('28','19','10','1000','80');
Insert into P_INVENTARIO (ID_SUMINISTRO,ID_LOCALIDAD,STOCK_MINIMO,STOCK_MAXIMO,STOCK_ACTUAL) values ('28','20','10','1000','80');
Insert into P_INVENTARIO (ID_SUMINISTRO,ID_LOCALIDAD,STOCK_MINIMO,STOCK_MAXIMO,STOCK_ACTUAL) values ('29','1','10','1000','80');
Insert into P_INVENTARIO (ID_SUMINISTRO,ID_LOCALIDAD,STOCK_MINIMO,STOCK_MAXIMO,STOCK_ACTUAL) values ('29','2','10','1000','80');
Insert into P_INVENTARIO (ID_SUMINISTRO,ID_LOCALIDAD,STOCK_MINIMO,STOCK_MAXIMO,STOCK_ACTUAL) values ('29','3','10','1000','80');
Insert into P_INVENTARIO (ID_SUMINISTRO,ID_LOCALIDAD,STOCK_MINIMO,STOCK_MAXIMO,STOCK_ACTUAL) values ('29','4','10','1000','80');
Insert into P_INVENTARIO (ID_SUMINISTRO,ID_LOCALIDAD,STOCK_MINIMO,STOCK_MAXIMO,STOCK_ACTUAL) values ('29','5','10','1000','80');
Insert into P_INVENTARIO (ID_SUMINISTRO,ID_LOCALIDAD,STOCK_MINIMO,STOCK_MAXIMO,STOCK_ACTUAL) values ('29','6','10','1000','80');
Insert into P_INVENTARIO (ID_SUMINISTRO,ID_LOCALIDAD,STOCK_MINIMO,STOCK_MAXIMO,STOCK_ACTUAL) values ('29','7','10','1000','80');
Insert into P_INVENTARIO (ID_SUMINISTRO,ID_LOCALIDAD,STOCK_MINIMO,STOCK_MAXIMO,STOCK_ACTUAL) values ('29','8','10','1000','80');
Insert into P_INVENTARIO (ID_SUMINISTRO,ID_LOCALIDAD,STOCK_MINIMO,STOCK_MAXIMO,STOCK_ACTUAL) values ('29','9','10','1000','80');
Insert into P_INVENTARIO (ID_SUMINISTRO,ID_LOCALIDAD,STOCK_MINIMO,STOCK_MAXIMO,STOCK_ACTUAL) values ('29','10','10','1000','80');
Insert into P_INVENTARIO (ID_SUMINISTRO,ID_LOCALIDAD,STOCK_MINIMO,STOCK_MAXIMO,STOCK_ACTUAL) values ('29','11','10','1000','80');
Insert into P_INVENTARIO (ID_SUMINISTRO,ID_LOCALIDAD,STOCK_MINIMO,STOCK_MAXIMO,STOCK_ACTUAL) values ('29','12','10','1000','80');
Insert into P_INVENTARIO (ID_SUMINISTRO,ID_LOCALIDAD,STOCK_MINIMO,STOCK_MAXIMO,STOCK_ACTUAL) values ('29','13','10','1000','80');
Insert into P_INVENTARIO (ID_SUMINISTRO,ID_LOCALIDAD,STOCK_MINIMO,STOCK_MAXIMO,STOCK_ACTUAL) values ('29','14','10','1000','80');
Insert into P_INVENTARIO (ID_SUMINISTRO,ID_LOCALIDAD,STOCK_MINIMO,STOCK_MAXIMO,STOCK_ACTUAL) values ('29','15','10','1000','80');
Insert into P_INVENTARIO (ID_SUMINISTRO,ID_LOCALIDAD,STOCK_MINIMO,STOCK_MAXIMO,STOCK_ACTUAL) values ('29','16','10','1000','80');
Insert into P_INVENTARIO (ID_SUMINISTRO,ID_LOCALIDAD,STOCK_MINIMO,STOCK_MAXIMO,STOCK_ACTUAL) values ('29','17','10','1000','80');
Insert into P_INVENTARIO (ID_SUMINISTRO,ID_LOCALIDAD,STOCK_MINIMO,STOCK_MAXIMO,STOCK_ACTUAL) values ('29','18','10','1000','80');
Insert into P_INVENTARIO (ID_SUMINISTRO,ID_LOCALIDAD,STOCK_MINIMO,STOCK_MAXIMO,STOCK_ACTUAL) values ('29','19','10','1000','80');
Insert into P_INVENTARIO (ID_SUMINISTRO,ID_LOCALIDAD,STOCK_MINIMO,STOCK_MAXIMO,STOCK_ACTUAL) values ('29','20','10','1000','80');
Insert into P_INVENTARIO (ID_SUMINISTRO,ID_LOCALIDAD,STOCK_MINIMO,STOCK_MAXIMO,STOCK_ACTUAL) values ('30','1','10','1000','80');
Insert into P_INVENTARIO (ID_SUMINISTRO,ID_LOCALIDAD,STOCK_MINIMO,STOCK_MAXIMO,STOCK_ACTUAL) values ('30','2','10','1000','80');
Insert into P_INVENTARIO (ID_SUMINISTRO,ID_LOCALIDAD,STOCK_MINIMO,STOCK_MAXIMO,STOCK_ACTUAL) values ('30','3','10','1000','80');
Insert into P_INVENTARIO (ID_SUMINISTRO,ID_LOCALIDAD,STOCK_MINIMO,STOCK_MAXIMO,STOCK_ACTUAL) values ('30','4','10','1000','80');
Insert into P_INVENTARIO (ID_SUMINISTRO,ID_LOCALIDAD,STOCK_MINIMO,STOCK_MAXIMO,STOCK_ACTUAL) values ('30','5','10','1000','80');
Insert into P_INVENTARIO (ID_SUMINISTRO,ID_LOCALIDAD,STOCK_MINIMO,STOCK_MAXIMO,STOCK_ACTUAL) values ('30','6','10','1000','80');
Insert into P_INVENTARIO (ID_SUMINISTRO,ID_LOCALIDAD,STOCK_MINIMO,STOCK_MAXIMO,STOCK_ACTUAL) values ('30','7','10','1000','80');
Insert into P_INVENTARIO (ID_SUMINISTRO,ID_LOCALIDAD,STOCK_MINIMO,STOCK_MAXIMO,STOCK_ACTUAL) values ('30','8','10','1000','80');
Insert into P_INVENTARIO (ID_SUMINISTRO,ID_LOCALIDAD,STOCK_MINIMO,STOCK_MAXIMO,STOCK_ACTUAL) values ('30','9','10','1000','80');
Insert into P_INVENTARIO (ID_SUMINISTRO,ID_LOCALIDAD,STOCK_MINIMO,STOCK_MAXIMO,STOCK_ACTUAL) values ('30','10','10','1000','80');
Insert into P_INVENTARIO (ID_SUMINISTRO,ID_LOCALIDAD,STOCK_MINIMO,STOCK_MAXIMO,STOCK_ACTUAL) values ('30','11','10','1000','80');
Insert into P_INVENTARIO (ID_SUMINISTRO,ID_LOCALIDAD,STOCK_MINIMO,STOCK_MAXIMO,STOCK_ACTUAL) values ('30','12','10','1000','80');
Insert into P_INVENTARIO (ID_SUMINISTRO,ID_LOCALIDAD,STOCK_MINIMO,STOCK_MAXIMO,STOCK_ACTUAL) values ('30','13','10','1000','80');
Insert into P_INVENTARIO (ID_SUMINISTRO,ID_LOCALIDAD,STOCK_MINIMO,STOCK_MAXIMO,STOCK_ACTUAL) values ('30','14','10','1000','80');
Insert into P_INVENTARIO (ID_SUMINISTRO,ID_LOCALIDAD,STOCK_MINIMO,STOCK_MAXIMO,STOCK_ACTUAL) values ('30','15','10','1000','80');
Insert into P_INVENTARIO (ID_SUMINISTRO,ID_LOCALIDAD,STOCK_MINIMO,STOCK_MAXIMO,STOCK_ACTUAL) values ('30','16','10','1000','80');
Insert into P_INVENTARIO (ID_SUMINISTRO,ID_LOCALIDAD,STOCK_MINIMO,STOCK_MAXIMO,STOCK_ACTUAL) values ('30','17','10','1000','80');
Insert into P_INVENTARIO (ID_SUMINISTRO,ID_LOCALIDAD,STOCK_MINIMO,STOCK_MAXIMO,STOCK_ACTUAL) values ('30','18','10','1000','80');
Insert into P_INVENTARIO (ID_SUMINISTRO,ID_LOCALIDAD,STOCK_MINIMO,STOCK_MAXIMO,STOCK_ACTUAL) values ('30','19','10','1000','80');
Insert into P_INVENTARIO (ID_SUMINISTRO,ID_LOCALIDAD,STOCK_MINIMO,STOCK_MAXIMO,STOCK_ACTUAL) values ('30','20','10','1000','80');
Insert into P_INVENTARIO (ID_SUMINISTRO,ID_LOCALIDAD,STOCK_MINIMO,STOCK_MAXIMO,STOCK_ACTUAL) values ('31','1','10','1000','80');
Insert into P_INVENTARIO (ID_SUMINISTRO,ID_LOCALIDAD,STOCK_MINIMO,STOCK_MAXIMO,STOCK_ACTUAL) values ('31','2','10','1000','80');
Insert into P_INVENTARIO (ID_SUMINISTRO,ID_LOCALIDAD,STOCK_MINIMO,STOCK_MAXIMO,STOCK_ACTUAL) values ('31','3','10','1000','80');
Insert into P_INVENTARIO (ID_SUMINISTRO,ID_LOCALIDAD,STOCK_MINIMO,STOCK_MAXIMO,STOCK_ACTUAL) values ('31','4','10','1000','80');
Insert into P_INVENTARIO (ID_SUMINISTRO,ID_LOCALIDAD,STOCK_MINIMO,STOCK_MAXIMO,STOCK_ACTUAL) values ('31','5','10','1000','80');
Insert into P_INVENTARIO (ID_SUMINISTRO,ID_LOCALIDAD,STOCK_MINIMO,STOCK_MAXIMO,STOCK_ACTUAL) values ('31','6','10','1000','80');
Insert into P_INVENTARIO (ID_SUMINISTRO,ID_LOCALIDAD,STOCK_MINIMO,STOCK_MAXIMO,STOCK_ACTUAL) values ('31','7','10','1000','80');
Insert into P_INVENTARIO (ID_SUMINISTRO,ID_LOCALIDAD,STOCK_MINIMO,STOCK_MAXIMO,STOCK_ACTUAL) values ('31','8','10','1000','80');
Insert into P_INVENTARIO (ID_SUMINISTRO,ID_LOCALIDAD,STOCK_MINIMO,STOCK_MAXIMO,STOCK_ACTUAL) values ('31','9','10','1000','80');
Insert into P_INVENTARIO (ID_SUMINISTRO,ID_LOCALIDAD,STOCK_MINIMO,STOCK_MAXIMO,STOCK_ACTUAL) values ('31','10','10','1000','80');
Insert into P_INVENTARIO (ID_SUMINISTRO,ID_LOCALIDAD,STOCK_MINIMO,STOCK_MAXIMO,STOCK_ACTUAL) values ('31','11','10','1000','80');
Insert into P_INVENTARIO (ID_SUMINISTRO,ID_LOCALIDAD,STOCK_MINIMO,STOCK_MAXIMO,STOCK_ACTUAL) values ('31','12','10','1000','80');
Insert into P_INVENTARIO (ID_SUMINISTRO,ID_LOCALIDAD,STOCK_MINIMO,STOCK_MAXIMO,STOCK_ACTUAL) values ('31','13','10','1000','80');
Insert into P_INVENTARIO (ID_SUMINISTRO,ID_LOCALIDAD,STOCK_MINIMO,STOCK_MAXIMO,STOCK_ACTUAL) values ('31','14','10','1000','80');
Insert into P_INVENTARIO (ID_SUMINISTRO,ID_LOCALIDAD,STOCK_MINIMO,STOCK_MAXIMO,STOCK_ACTUAL) values ('31','15','10','1000','80');
Insert into P_INVENTARIO (ID_SUMINISTRO,ID_LOCALIDAD,STOCK_MINIMO,STOCK_MAXIMO,STOCK_ACTUAL) values ('31','16','10','1000','80');
Insert into P_INVENTARIO (ID_SUMINISTRO,ID_LOCALIDAD,STOCK_MINIMO,STOCK_MAXIMO,STOCK_ACTUAL) values ('31','17','10','1000','80');
Insert into P_INVENTARIO (ID_SUMINISTRO,ID_LOCALIDAD,STOCK_MINIMO,STOCK_MAXIMO,STOCK_ACTUAL) values ('31','18','10','1000','80');
Insert into P_INVENTARIO (ID_SUMINISTRO,ID_LOCALIDAD,STOCK_MINIMO,STOCK_MAXIMO,STOCK_ACTUAL) values ('31','19','10','1000','80');
Insert into P_INVENTARIO (ID_SUMINISTRO,ID_LOCALIDAD,STOCK_MINIMO,STOCK_MAXIMO,STOCK_ACTUAL) values ('31','20','10','1000','80');
Insert into P_INVENTARIO (ID_SUMINISTRO,ID_LOCALIDAD,STOCK_MINIMO,STOCK_MAXIMO,STOCK_ACTUAL) values ('32','1','10','1000','80');
Insert into P_INVENTARIO (ID_SUMINISTRO,ID_LOCALIDAD,STOCK_MINIMO,STOCK_MAXIMO,STOCK_ACTUAL) values ('32','2','10','1000','80');
Insert into P_INVENTARIO (ID_SUMINISTRO,ID_LOCALIDAD,STOCK_MINIMO,STOCK_MAXIMO,STOCK_ACTUAL) values ('32','3','10','1000','80');
Insert into P_INVENTARIO (ID_SUMINISTRO,ID_LOCALIDAD,STOCK_MINIMO,STOCK_MAXIMO,STOCK_ACTUAL) values ('32','4','10','1000','80');
Insert into P_INVENTARIO (ID_SUMINISTRO,ID_LOCALIDAD,STOCK_MINIMO,STOCK_MAXIMO,STOCK_ACTUAL) values ('32','5','10','1000','80');
Insert into P_INVENTARIO (ID_SUMINISTRO,ID_LOCALIDAD,STOCK_MINIMO,STOCK_MAXIMO,STOCK_ACTUAL) values ('32','6','10','1000','80');
Insert into P_INVENTARIO (ID_SUMINISTRO,ID_LOCALIDAD,STOCK_MINIMO,STOCK_MAXIMO,STOCK_ACTUAL) values ('32','7','10','1000','80');
Insert into P_INVENTARIO (ID_SUMINISTRO,ID_LOCALIDAD,STOCK_MINIMO,STOCK_MAXIMO,STOCK_ACTUAL) values ('32','8','10','1000','80');
Insert into P_INVENTARIO (ID_SUMINISTRO,ID_LOCALIDAD,STOCK_MINIMO,STOCK_MAXIMO,STOCK_ACTUAL) values ('32','9','10','1000','80');
Insert into P_INVENTARIO (ID_SUMINISTRO,ID_LOCALIDAD,STOCK_MINIMO,STOCK_MAXIMO,STOCK_ACTUAL) values ('32','10','10','1000','80');
Insert into P_INVENTARIO (ID_SUMINISTRO,ID_LOCALIDAD,STOCK_MINIMO,STOCK_MAXIMO,STOCK_ACTUAL) values ('32','11','10','1000','80');
Insert into P_INVENTARIO (ID_SUMINISTRO,ID_LOCALIDAD,STOCK_MINIMO,STOCK_MAXIMO,STOCK_ACTUAL) values ('32','12','10','1000','80');
Insert into P_INVENTARIO (ID_SUMINISTRO,ID_LOCALIDAD,STOCK_MINIMO,STOCK_MAXIMO,STOCK_ACTUAL) values ('32','13','10','1000','80');
Insert into P_INVENTARIO (ID_SUMINISTRO,ID_LOCALIDAD,STOCK_MINIMO,STOCK_MAXIMO,STOCK_ACTUAL) values ('32','14','10','1000','80');
Insert into P_INVENTARIO (ID_SUMINISTRO,ID_LOCALIDAD,STOCK_MINIMO,STOCK_MAXIMO,STOCK_ACTUAL) values ('32','15','10','1000','80');
Insert into P_INVENTARIO (ID_SUMINISTRO,ID_LOCALIDAD,STOCK_MINIMO,STOCK_MAXIMO,STOCK_ACTUAL) values ('32','16','10','1000','80');
Insert into P_INVENTARIO (ID_SUMINISTRO,ID_LOCALIDAD,STOCK_MINIMO,STOCK_MAXIMO,STOCK_ACTUAL) values ('32','17','10','1000','80');
Insert into P_INVENTARIO (ID_SUMINISTRO,ID_LOCALIDAD,STOCK_MINIMO,STOCK_MAXIMO,STOCK_ACTUAL) values ('32','18','10','1000','80');
Insert into P_INVENTARIO (ID_SUMINISTRO,ID_LOCALIDAD,STOCK_MINIMO,STOCK_MAXIMO,STOCK_ACTUAL) values ('32','19','10','1000','80');
Insert into P_INVENTARIO (ID_SUMINISTRO,ID_LOCALIDAD,STOCK_MINIMO,STOCK_MAXIMO,STOCK_ACTUAL) values ('32','20','10','1000','80');
Insert into P_INVENTARIO (ID_SUMINISTRO,ID_LOCALIDAD,STOCK_MINIMO,STOCK_MAXIMO,STOCK_ACTUAL) values ('33','1','10','1000','80');
Insert into P_INVENTARIO (ID_SUMINISTRO,ID_LOCALIDAD,STOCK_MINIMO,STOCK_MAXIMO,STOCK_ACTUAL) values ('33','2','10','1000','80');
Insert into P_INVENTARIO (ID_SUMINISTRO,ID_LOCALIDAD,STOCK_MINIMO,STOCK_MAXIMO,STOCK_ACTUAL) values ('33','3','10','1000','80');
Insert into P_INVENTARIO (ID_SUMINISTRO,ID_LOCALIDAD,STOCK_MINIMO,STOCK_MAXIMO,STOCK_ACTUAL) values ('33','4','10','1000','80');
Insert into P_INVENTARIO (ID_SUMINISTRO,ID_LOCALIDAD,STOCK_MINIMO,STOCK_MAXIMO,STOCK_ACTUAL) values ('33','5','10','1000','80');
Insert into P_INVENTARIO (ID_SUMINISTRO,ID_LOCALIDAD,STOCK_MINIMO,STOCK_MAXIMO,STOCK_ACTUAL) values ('33','6','10','1000','80');
Insert into P_INVENTARIO (ID_SUMINISTRO,ID_LOCALIDAD,STOCK_MINIMO,STOCK_MAXIMO,STOCK_ACTUAL) values ('33','7','10','1000','80');
Insert into P_INVENTARIO (ID_SUMINISTRO,ID_LOCALIDAD,STOCK_MINIMO,STOCK_MAXIMO,STOCK_ACTUAL) values ('33','8','10','1000','80');
Insert into P_INVENTARIO (ID_SUMINISTRO,ID_LOCALIDAD,STOCK_MINIMO,STOCK_MAXIMO,STOCK_ACTUAL) values ('33','9','10','1000','80');
Insert into P_INVENTARIO (ID_SUMINISTRO,ID_LOCALIDAD,STOCK_MINIMO,STOCK_MAXIMO,STOCK_ACTUAL) values ('33','10','10','1000','80');
Insert into P_INVENTARIO (ID_SUMINISTRO,ID_LOCALIDAD,STOCK_MINIMO,STOCK_MAXIMO,STOCK_ACTUAL) values ('33','11','10','1000','80');
Insert into P_INVENTARIO (ID_SUMINISTRO,ID_LOCALIDAD,STOCK_MINIMO,STOCK_MAXIMO,STOCK_ACTUAL) values ('33','12','10','1000','80');
Insert into P_INVENTARIO (ID_SUMINISTRO,ID_LOCALIDAD,STOCK_MINIMO,STOCK_MAXIMO,STOCK_ACTUAL) values ('33','13','10','1000','80');
Insert into P_INVENTARIO (ID_SUMINISTRO,ID_LOCALIDAD,STOCK_MINIMO,STOCK_MAXIMO,STOCK_ACTUAL) values ('33','14','10','1000','80');
Insert into P_INVENTARIO (ID_SUMINISTRO,ID_LOCALIDAD,STOCK_MINIMO,STOCK_MAXIMO,STOCK_ACTUAL) values ('33','15','10','1000','80');
Insert into P_INVENTARIO (ID_SUMINISTRO,ID_LOCALIDAD,STOCK_MINIMO,STOCK_MAXIMO,STOCK_ACTUAL) values ('33','16','10','1000','80');
Insert into P_INVENTARIO (ID_SUMINISTRO,ID_LOCALIDAD,STOCK_MINIMO,STOCK_MAXIMO,STOCK_ACTUAL) values ('33','17','10','1000','80');
Insert into P_INVENTARIO (ID_SUMINISTRO,ID_LOCALIDAD,STOCK_MINIMO,STOCK_MAXIMO,STOCK_ACTUAL) values ('33','18','10','1000','80');
Insert into P_INVENTARIO (ID_SUMINISTRO,ID_LOCALIDAD,STOCK_MINIMO,STOCK_MAXIMO,STOCK_ACTUAL) values ('33','19','10','1000','80');
Insert into P_INVENTARIO (ID_SUMINISTRO,ID_LOCALIDAD,STOCK_MINIMO,STOCK_MAXIMO,STOCK_ACTUAL) values ('33','20','10','1000','80');
Insert into P_INVENTARIO (ID_SUMINISTRO,ID_LOCALIDAD,STOCK_MINIMO,STOCK_MAXIMO,STOCK_ACTUAL) values ('34','1','10','1000','80');
Insert into P_INVENTARIO (ID_SUMINISTRO,ID_LOCALIDAD,STOCK_MINIMO,STOCK_MAXIMO,STOCK_ACTUAL) values ('34','2','10','1000','80');
Insert into P_INVENTARIO (ID_SUMINISTRO,ID_LOCALIDAD,STOCK_MINIMO,STOCK_MAXIMO,STOCK_ACTUAL) values ('34','3','10','1000','80');
Insert into P_INVENTARIO (ID_SUMINISTRO,ID_LOCALIDAD,STOCK_MINIMO,STOCK_MAXIMO,STOCK_ACTUAL) values ('34','4','10','1000','80');
Insert into P_INVENTARIO (ID_SUMINISTRO,ID_LOCALIDAD,STOCK_MINIMO,STOCK_MAXIMO,STOCK_ACTUAL) values ('34','5','10','1000','80');
Insert into P_INVENTARIO (ID_SUMINISTRO,ID_LOCALIDAD,STOCK_MINIMO,STOCK_MAXIMO,STOCK_ACTUAL) values ('34','6','10','1000','80');
Insert into P_INVENTARIO (ID_SUMINISTRO,ID_LOCALIDAD,STOCK_MINIMO,STOCK_MAXIMO,STOCK_ACTUAL) values ('34','7','10','1000','80');
Insert into P_INVENTARIO (ID_SUMINISTRO,ID_LOCALIDAD,STOCK_MINIMO,STOCK_MAXIMO,STOCK_ACTUAL) values ('34','8','10','1000','80');
Insert into P_INVENTARIO (ID_SUMINISTRO,ID_LOCALIDAD,STOCK_MINIMO,STOCK_MAXIMO,STOCK_ACTUAL) values ('34','9','10','1000','80');
Insert into P_INVENTARIO (ID_SUMINISTRO,ID_LOCALIDAD,STOCK_MINIMO,STOCK_MAXIMO,STOCK_ACTUAL) values ('34','10','10','1000','80');
Insert into P_INVENTARIO (ID_SUMINISTRO,ID_LOCALIDAD,STOCK_MINIMO,STOCK_MAXIMO,STOCK_ACTUAL) values ('34','11','10','1000','80');
Insert into P_INVENTARIO (ID_SUMINISTRO,ID_LOCALIDAD,STOCK_MINIMO,STOCK_MAXIMO,STOCK_ACTUAL) values ('34','12','10','1000','80');
Insert into P_INVENTARIO (ID_SUMINISTRO,ID_LOCALIDAD,STOCK_MINIMO,STOCK_MAXIMO,STOCK_ACTUAL) values ('34','13','10','1000','80');
Insert into P_INVENTARIO (ID_SUMINISTRO,ID_LOCALIDAD,STOCK_MINIMO,STOCK_MAXIMO,STOCK_ACTUAL) values ('34','14','10','1000','80');
Insert into P_INVENTARIO (ID_SUMINISTRO,ID_LOCALIDAD,STOCK_MINIMO,STOCK_MAXIMO,STOCK_ACTUAL) values ('34','15','10','1000','80');
Insert into P_INVENTARIO (ID_SUMINISTRO,ID_LOCALIDAD,STOCK_MINIMO,STOCK_MAXIMO,STOCK_ACTUAL) values ('34','16','10','1000','80');
Insert into P_INVENTARIO (ID_SUMINISTRO,ID_LOCALIDAD,STOCK_MINIMO,STOCK_MAXIMO,STOCK_ACTUAL) values ('34','17','10','1000','80');
Insert into P_INVENTARIO (ID_SUMINISTRO,ID_LOCALIDAD,STOCK_MINIMO,STOCK_MAXIMO,STOCK_ACTUAL) values ('34','18','10','1000','80');
Insert into P_INVENTARIO (ID_SUMINISTRO,ID_LOCALIDAD,STOCK_MINIMO,STOCK_MAXIMO,STOCK_ACTUAL) values ('34','19','10','1000','80');
Insert into P_INVENTARIO (ID_SUMINISTRO,ID_LOCALIDAD,STOCK_MINIMO,STOCK_MAXIMO,STOCK_ACTUAL) values ('34','20','10','1000','80');
Insert into P_INVENTARIO (ID_SUMINISTRO,ID_LOCALIDAD,STOCK_MINIMO,STOCK_MAXIMO,STOCK_ACTUAL) values ('35','1','10','1000','80');
Insert into P_INVENTARIO (ID_SUMINISTRO,ID_LOCALIDAD,STOCK_MINIMO,STOCK_MAXIMO,STOCK_ACTUAL) values ('35','2','10','1000','80');
Insert into P_INVENTARIO (ID_SUMINISTRO,ID_LOCALIDAD,STOCK_MINIMO,STOCK_MAXIMO,STOCK_ACTUAL) values ('35','3','10','1000','80');
Insert into P_INVENTARIO (ID_SUMINISTRO,ID_LOCALIDAD,STOCK_MINIMO,STOCK_MAXIMO,STOCK_ACTUAL) values ('35','4','10','1000','80');
Insert into P_INVENTARIO (ID_SUMINISTRO,ID_LOCALIDAD,STOCK_MINIMO,STOCK_MAXIMO,STOCK_ACTUAL) values ('35','5','10','1000','80');
Insert into P_INVENTARIO (ID_SUMINISTRO,ID_LOCALIDAD,STOCK_MINIMO,STOCK_MAXIMO,STOCK_ACTUAL) values ('35','6','10','1000','80');
Insert into P_INVENTARIO (ID_SUMINISTRO,ID_LOCALIDAD,STOCK_MINIMO,STOCK_MAXIMO,STOCK_ACTUAL) values ('35','7','10','1000','80');
Insert into P_INVENTARIO (ID_SUMINISTRO,ID_LOCALIDAD,STOCK_MINIMO,STOCK_MAXIMO,STOCK_ACTUAL) values ('35','8','10','1000','80');
Insert into P_INVENTARIO (ID_SUMINISTRO,ID_LOCALIDAD,STOCK_MINIMO,STOCK_MAXIMO,STOCK_ACTUAL) values ('35','9','10','1000','80');
Insert into P_INVENTARIO (ID_SUMINISTRO,ID_LOCALIDAD,STOCK_MINIMO,STOCK_MAXIMO,STOCK_ACTUAL) values ('35','10','10','1000','80');
Insert into P_INVENTARIO (ID_SUMINISTRO,ID_LOCALIDAD,STOCK_MINIMO,STOCK_MAXIMO,STOCK_ACTUAL) values ('35','11','10','1000','80');
Insert into P_INVENTARIO (ID_SUMINISTRO,ID_LOCALIDAD,STOCK_MINIMO,STOCK_MAXIMO,STOCK_ACTUAL) values ('35','12','10','1000','80');
Insert into P_INVENTARIO (ID_SUMINISTRO,ID_LOCALIDAD,STOCK_MINIMO,STOCK_MAXIMO,STOCK_ACTUAL) values ('35','13','10','1000','80');
Insert into P_INVENTARIO (ID_SUMINISTRO,ID_LOCALIDAD,STOCK_MINIMO,STOCK_MAXIMO,STOCK_ACTUAL) values ('35','14','10','1000','80');
Insert into P_INVENTARIO (ID_SUMINISTRO,ID_LOCALIDAD,STOCK_MINIMO,STOCK_MAXIMO,STOCK_ACTUAL) values ('35','15','10','1000','80');
Insert into P_INVENTARIO (ID_SUMINISTRO,ID_LOCALIDAD,STOCK_MINIMO,STOCK_MAXIMO,STOCK_ACTUAL) values ('35','16','10','1000','80');
Insert into P_INVENTARIO (ID_SUMINISTRO,ID_LOCALIDAD,STOCK_MINIMO,STOCK_MAXIMO,STOCK_ACTUAL) values ('35','17','10','1000','80');
Insert into P_INVENTARIO (ID_SUMINISTRO,ID_LOCALIDAD,STOCK_MINIMO,STOCK_MAXIMO,STOCK_ACTUAL) values ('35','18','10','1000','80');
Insert into P_INVENTARIO (ID_SUMINISTRO,ID_LOCALIDAD,STOCK_MINIMO,STOCK_MAXIMO,STOCK_ACTUAL) values ('35','19','10','1000','80');
Insert into P_INVENTARIO (ID_SUMINISTRO,ID_LOCALIDAD,STOCK_MINIMO,STOCK_MAXIMO,STOCK_ACTUAL) values ('35','20','10','1000','80');
Insert into P_INVENTARIO (ID_SUMINISTRO,ID_LOCALIDAD,STOCK_MINIMO,STOCK_MAXIMO,STOCK_ACTUAL) values ('36','1','10','1000','80');
Insert into P_INVENTARIO (ID_SUMINISTRO,ID_LOCALIDAD,STOCK_MINIMO,STOCK_MAXIMO,STOCK_ACTUAL) values ('36','2','10','1000','80');
Insert into P_INVENTARIO (ID_SUMINISTRO,ID_LOCALIDAD,STOCK_MINIMO,STOCK_MAXIMO,STOCK_ACTUAL) values ('36','3','10','1000','80');
Insert into P_INVENTARIO (ID_SUMINISTRO,ID_LOCALIDAD,STOCK_MINIMO,STOCK_MAXIMO,STOCK_ACTUAL) values ('36','4','10','1000','80');
Insert into P_INVENTARIO (ID_SUMINISTRO,ID_LOCALIDAD,STOCK_MINIMO,STOCK_MAXIMO,STOCK_ACTUAL) values ('36','5','10','1000','80');
Insert into P_INVENTARIO (ID_SUMINISTRO,ID_LOCALIDAD,STOCK_MINIMO,STOCK_MAXIMO,STOCK_ACTUAL) values ('36','6','10','1000','80');
Insert into P_INVENTARIO (ID_SUMINISTRO,ID_LOCALIDAD,STOCK_MINIMO,STOCK_MAXIMO,STOCK_ACTUAL) values ('36','7','10','1000','80');
Insert into P_INVENTARIO (ID_SUMINISTRO,ID_LOCALIDAD,STOCK_MINIMO,STOCK_MAXIMO,STOCK_ACTUAL) values ('36','8','10','1000','80');
Insert into P_INVENTARIO (ID_SUMINISTRO,ID_LOCALIDAD,STOCK_MINIMO,STOCK_MAXIMO,STOCK_ACTUAL) values ('36','9','10','1000','80');
Insert into P_INVENTARIO (ID_SUMINISTRO,ID_LOCALIDAD,STOCK_MINIMO,STOCK_MAXIMO,STOCK_ACTUAL) values ('36','10','10','1000','80');
Insert into P_INVENTARIO (ID_SUMINISTRO,ID_LOCALIDAD,STOCK_MINIMO,STOCK_MAXIMO,STOCK_ACTUAL) values ('36','11','10','1000','80');
Insert into P_INVENTARIO (ID_SUMINISTRO,ID_LOCALIDAD,STOCK_MINIMO,STOCK_MAXIMO,STOCK_ACTUAL) values ('36','12','10','1000','80');
Insert into P_INVENTARIO (ID_SUMINISTRO,ID_LOCALIDAD,STOCK_MINIMO,STOCK_MAXIMO,STOCK_ACTUAL) values ('36','13','10','1000','80');
Insert into P_INVENTARIO (ID_SUMINISTRO,ID_LOCALIDAD,STOCK_MINIMO,STOCK_MAXIMO,STOCK_ACTUAL) values ('36','14','10','1000','80');
Insert into P_INVENTARIO (ID_SUMINISTRO,ID_LOCALIDAD,STOCK_MINIMO,STOCK_MAXIMO,STOCK_ACTUAL) values ('36','15','10','1000','80');
Insert into P_INVENTARIO (ID_SUMINISTRO,ID_LOCALIDAD,STOCK_MINIMO,STOCK_MAXIMO,STOCK_ACTUAL) values ('36','16','10','1000','80');
Insert into P_INVENTARIO (ID_SUMINISTRO,ID_LOCALIDAD,STOCK_MINIMO,STOCK_MAXIMO,STOCK_ACTUAL) values ('36','17','10','1000','80');
Insert into P_INVENTARIO (ID_SUMINISTRO,ID_LOCALIDAD,STOCK_MINIMO,STOCK_MAXIMO,STOCK_ACTUAL) values ('36','18','10','1000','80');
Insert into P_INVENTARIO (ID_SUMINISTRO,ID_LOCALIDAD,STOCK_MINIMO,STOCK_MAXIMO,STOCK_ACTUAL) values ('36','19','10','1000','80');
Insert into P_INVENTARIO (ID_SUMINISTRO,ID_LOCALIDAD,STOCK_MINIMO,STOCK_MAXIMO,STOCK_ACTUAL) values ('36','20','10','1000','80');
REM INSERTING into P_ROL
SET DEFINE OFF;
Insert into P_ROL (ID_ROL,NOMBRE_ROL,COSTOXHORA) values ('1','LIDER DE PROYECTO','380000');
Insert into P_ROL (ID_ROL,NOMBRE_ROL,COSTOXHORA) values ('2','CONSTRUCTOR II','110000');
Insert into P_ROL (ID_ROL,NOMBRE_ROL,COSTOXHORA) values ('3','JEFE DE EQUIPO','240000');
Insert into P_ROL (ID_ROL,NOMBRE_ROL,COSTOXHORA) values ('4','FISCALIZADOR','280000');
Insert into P_ROL (ID_ROL,NOMBRE_ROL,COSTOXHORA) values ('5','RESPONSABLE COMERCIAL','240000');
Insert into P_ROL (ID_ROL,NOMBRE_ROL,COSTOXHORA) values ('6','CONSTRUCTOR I','130000');
Insert into P_ROL (ID_ROL,NOMBRE_ROL,COSTOXHORA) values ('7','ESPECIALISTA TI','300000');
Insert into P_ROL (ID_ROL,NOMBRE_ROL,COSTOXHORA) values ('8','COORDINADOR LOGÍSTICA','240000');
REM INSERTING into P_PERSONAL_ASIGNADO
SET DEFINE OFF;
Insert into P_PERSONAL_ASIGNADO (ID_ACTIVIDAD,ID_PERSONAL,HORAS_ASIGNADAS,ID_ROL) values ('2','6','32','2');
Insert into P_PERSONAL_ASIGNADO (ID_ACTIVIDAD,ID_PERSONAL,HORAS_ASIGNADAS,ID_ROL) values ('2','7','32','2');
Insert into P_PERSONAL_ASIGNADO (ID_ACTIVIDAD,ID_PERSONAL,HORAS_ASIGNADAS,ID_ROL) values ('2','8','32','2');
Insert into P_PERSONAL_ASIGNADO (ID_ACTIVIDAD,ID_PERSONAL,HORAS_ASIGNADAS,ID_ROL) values ('3','11','30','6');
Insert into P_PERSONAL_ASIGNADO (ID_ACTIVIDAD,ID_PERSONAL,HORAS_ASIGNADAS,ID_ROL) values ('3','15','36','6');
Insert into P_PERSONAL_ASIGNADO (ID_ACTIVIDAD,ID_PERSONAL,HORAS_ASIGNADAS,ID_ROL) values ('3','17','36','6');
Insert into P_PERSONAL_ASIGNADO (ID_ACTIVIDAD,ID_PERSONAL,HORAS_ASIGNADAS,ID_ROL) values ('5','6','20','2');
Insert into P_PERSONAL_ASIGNADO (ID_ACTIVIDAD,ID_PERSONAL,HORAS_ASIGNADAS,ID_ROL) values ('5','7','20','2');
Insert into P_PERSONAL_ASIGNADO (ID_ACTIVIDAD,ID_PERSONAL,HORAS_ASIGNADAS,ID_ROL) values ('5','8','20','2');
Insert into P_PERSONAL_ASIGNADO (ID_ACTIVIDAD,ID_PERSONAL,HORAS_ASIGNADAS,ID_ROL) values ('5','11','20','6');
Insert into P_PERSONAL_ASIGNADO (ID_ACTIVIDAD,ID_PERSONAL,HORAS_ASIGNADAS,ID_ROL) values ('5','15','20','6');
Insert into P_PERSONAL_ASIGNADO (ID_ACTIVIDAD,ID_PERSONAL,HORAS_ASIGNADAS,ID_ROL) values ('5','17','20','6');
Insert into P_PERSONAL_ASIGNADO (ID_ACTIVIDAD,ID_PERSONAL,HORAS_ASIGNADAS,ID_ROL) values ('6','6','72','2');
Insert into P_PERSONAL_ASIGNADO (ID_ACTIVIDAD,ID_PERSONAL,HORAS_ASIGNADAS,ID_ROL) values ('14','6','24','2');
Insert into P_PERSONAL_ASIGNADO (ID_ACTIVIDAD,ID_PERSONAL,HORAS_ASIGNADAS,ID_ROL) values ('7','6','256','2');
Insert into P_PERSONAL_ASIGNADO (ID_ACTIVIDAD,ID_PERSONAL,HORAS_ASIGNADAS,ID_ROL) values ('15','6','24','2');
Insert into P_PERSONAL_ASIGNADO (ID_ACTIVIDAD,ID_PERSONAL,HORAS_ASIGNADAS,ID_ROL) values ('11','6','8','2');
Insert into P_PERSONAL_ASIGNADO (ID_ACTIVIDAD,ID_PERSONAL,HORAS_ASIGNADAS,ID_ROL) values ('12','6','56','2');
Insert into P_PERSONAL_ASIGNADO (ID_ACTIVIDAD,ID_PERSONAL,HORAS_ASIGNADAS,ID_ROL) values ('8','6','48','2');
Insert into P_PERSONAL_ASIGNADO (ID_ACTIVIDAD,ID_PERSONAL,HORAS_ASIGNADAS,ID_ROL) values ('9','6','80','2');
Insert into P_PERSONAL_ASIGNADO (ID_ACTIVIDAD,ID_PERSONAL,HORAS_ASIGNADAS,ID_ROL) values ('13','6','8','2');
Insert into P_PERSONAL_ASIGNADO (ID_ACTIVIDAD,ID_PERSONAL,HORAS_ASIGNADAS,ID_ROL) values ('2','23','4','3');
Insert into P_PERSONAL_ASIGNADO (ID_ACTIVIDAD,ID_PERSONAL,HORAS_ASIGNADAS,ID_ROL) values ('3','23','1','3');
Insert into P_PERSONAL_ASIGNADO (ID_ACTIVIDAD,ID_PERSONAL,HORAS_ASIGNADAS,ID_ROL) values ('5','23','32','3');
Insert into P_PERSONAL_ASIGNADO (ID_ACTIVIDAD,ID_PERSONAL,HORAS_ASIGNADAS,ID_ROL) values ('6','23','9','3');
Insert into P_PERSONAL_ASIGNADO (ID_ACTIVIDAD,ID_PERSONAL,HORAS_ASIGNADAS,ID_ROL) values ('7','23','32','3');
Insert into P_PERSONAL_ASIGNADO (ID_ACTIVIDAD,ID_PERSONAL,HORAS_ASIGNADAS,ID_ROL) values ('8','23','6','3');
Insert into P_PERSONAL_ASIGNADO (ID_ACTIVIDAD,ID_PERSONAL,HORAS_ASIGNADAS,ID_ROL) values ('9','23','10','3');
Insert into P_PERSONAL_ASIGNADO (ID_ACTIVIDAD,ID_PERSONAL,HORAS_ASIGNADAS,ID_ROL) values ('11','23','1','3');
Insert into P_PERSONAL_ASIGNADO (ID_ACTIVIDAD,ID_PERSONAL,HORAS_ASIGNADAS,ID_ROL) values ('12','23','7','3');
Insert into P_PERSONAL_ASIGNADO (ID_ACTIVIDAD,ID_PERSONAL,HORAS_ASIGNADAS,ID_ROL) values ('13','23','1','3');
Insert into P_PERSONAL_ASIGNADO (ID_ACTIVIDAD,ID_PERSONAL,HORAS_ASIGNADAS,ID_ROL) values ('14','23','3','3');
Insert into P_PERSONAL_ASIGNADO (ID_ACTIVIDAD,ID_PERSONAL,HORAS_ASIGNADAS,ID_ROL) values ('15','23','3','3');
Insert into P_PERSONAL_ASIGNADO (ID_ACTIVIDAD,ID_PERSONAL,HORAS_ASIGNADAS,ID_ROL) values ('2','18','4','4');
Insert into P_PERSONAL_ASIGNADO (ID_ACTIVIDAD,ID_PERSONAL,HORAS_ASIGNADAS,ID_ROL) values ('3','18','1','4');
Insert into P_PERSONAL_ASIGNADO (ID_ACTIVIDAD,ID_PERSONAL,HORAS_ASIGNADAS,ID_ROL) values ('5','18','32','4');
Insert into P_PERSONAL_ASIGNADO (ID_ACTIVIDAD,ID_PERSONAL,HORAS_ASIGNADAS,ID_ROL) values ('6','18','9','4');
Insert into P_PERSONAL_ASIGNADO (ID_ACTIVIDAD,ID_PERSONAL,HORAS_ASIGNADAS,ID_ROL) values ('7','18','32','4');
Insert into P_PERSONAL_ASIGNADO (ID_ACTIVIDAD,ID_PERSONAL,HORAS_ASIGNADAS,ID_ROL) values ('8','18','6','4');
Insert into P_PERSONAL_ASIGNADO (ID_ACTIVIDAD,ID_PERSONAL,HORAS_ASIGNADAS,ID_ROL) values ('9','18','10','4');
Insert into P_PERSONAL_ASIGNADO (ID_ACTIVIDAD,ID_PERSONAL,HORAS_ASIGNADAS,ID_ROL) values ('11','18','1','4');
Insert into P_PERSONAL_ASIGNADO (ID_ACTIVIDAD,ID_PERSONAL,HORAS_ASIGNADAS,ID_ROL) values ('12','18','7','4');
Insert into P_PERSONAL_ASIGNADO (ID_ACTIVIDAD,ID_PERSONAL,HORAS_ASIGNADAS,ID_ROL) values ('13','18','1','4');
Insert into P_PERSONAL_ASIGNADO (ID_ACTIVIDAD,ID_PERSONAL,HORAS_ASIGNADAS,ID_ROL) values ('14','18','3','4');
Insert into P_PERSONAL_ASIGNADO (ID_ACTIVIDAD,ID_PERSONAL,HORAS_ASIGNADAS,ID_ROL) values ('15','18','3','4');
Insert into P_PERSONAL_ASIGNADO (ID_ACTIVIDAD,ID_PERSONAL,HORAS_ASIGNADAS,ID_ROL) values ('2','19','1','8');
Insert into P_PERSONAL_ASIGNADO (ID_ACTIVIDAD,ID_PERSONAL,HORAS_ASIGNADAS,ID_ROL) values ('3','19','1','8');
Insert into P_PERSONAL_ASIGNADO (ID_ACTIVIDAD,ID_PERSONAL,HORAS_ASIGNADAS,ID_ROL) values ('5','19','1','8');
Insert into P_PERSONAL_ASIGNADO (ID_ACTIVIDAD,ID_PERSONAL,HORAS_ASIGNADAS,ID_ROL) values ('6','19','1','8');
Insert into P_PERSONAL_ASIGNADO (ID_ACTIVIDAD,ID_PERSONAL,HORAS_ASIGNADAS,ID_ROL) values ('7','19','1','8');
Insert into P_PERSONAL_ASIGNADO (ID_ACTIVIDAD,ID_PERSONAL,HORAS_ASIGNADAS,ID_ROL) values ('8','19','1','8');
Insert into P_PERSONAL_ASIGNADO (ID_ACTIVIDAD,ID_PERSONAL,HORAS_ASIGNADAS,ID_ROL) values ('9','19','1','8');
Insert into P_PERSONAL_ASIGNADO (ID_ACTIVIDAD,ID_PERSONAL,HORAS_ASIGNADAS,ID_ROL) values ('11','19','1','8');
Insert into P_PERSONAL_ASIGNADO (ID_ACTIVIDAD,ID_PERSONAL,HORAS_ASIGNADAS,ID_ROL) values ('12','19','1','8');
Insert into P_PERSONAL_ASIGNADO (ID_ACTIVIDAD,ID_PERSONAL,HORAS_ASIGNADAS,ID_ROL) values ('13','19','1','8');
Insert into P_PERSONAL_ASIGNADO (ID_ACTIVIDAD,ID_PERSONAL,HORAS_ASIGNADAS,ID_ROL) values ('14','19','1','8');
Insert into P_PERSONAL_ASIGNADO (ID_ACTIVIDAD,ID_PERSONAL,HORAS_ASIGNADAS,ID_ROL) values ('15','19','1','8');
REM INSERTING into P_REGISTRO_HORAS
SET DEFINE OFF;
REM INSERTING into P_SUMINISTROS_ASIGNADOS
SET DEFINE OFF;
Insert into P_SUMINISTROS_ASIGNADOS (ID_ACTIVIDAD,ID_SUMINISTRO,CANTIDAD_REQUERIDA,FECHA_REQUERIDA,CANTIDAD_UTILIZADA,FECHA_REGISTRO) values ('7','1','10',to_date('10/01/25','DD/MM/RR'),null,null);
Insert into P_SUMINISTROS_ASIGNADOS (ID_ACTIVIDAD,ID_SUMINISTRO,CANTIDAD_REQUERIDA,FECHA_REQUERIDA,CANTIDAD_UTILIZADA,FECHA_REGISTRO) values ('7','2','10',to_date('10/01/25','DD/MM/RR'),null,null);
Insert into P_SUMINISTROS_ASIGNADOS (ID_ACTIVIDAD,ID_SUMINISTRO,CANTIDAD_REQUERIDA,FECHA_REQUERIDA,CANTIDAD_UTILIZADA,FECHA_REGISTRO) values ('7','3','10',to_date('10/01/25','DD/MM/RR'),null,null);
Insert into P_SUMINISTROS_ASIGNADOS (ID_ACTIVIDAD,ID_SUMINISTRO,CANTIDAD_REQUERIDA,FECHA_REQUERIDA,CANTIDAD_UTILIZADA,FECHA_REGISTRO) values ('7','4','10',to_date('10/01/25','DD/MM/RR'),null,null);
Insert into P_SUMINISTROS_ASIGNADOS (ID_ACTIVIDAD,ID_SUMINISTRO,CANTIDAD_REQUERIDA,FECHA_REQUERIDA,CANTIDAD_UTILIZADA,FECHA_REGISTRO) values ('7','5','10',to_date('10/01/25','DD/MM/RR'),null,null);
Insert into P_SUMINISTROS_ASIGNADOS (ID_ACTIVIDAD,ID_SUMINISTRO,CANTIDAD_REQUERIDA,FECHA_REQUERIDA,CANTIDAD_UTILIZADA,FECHA_REGISTRO) values ('7','6','10',to_date('10/01/25','DD/MM/RR'),null,null);
Insert into P_SUMINISTROS_ASIGNADOS (ID_ACTIVIDAD,ID_SUMINISTRO,CANTIDAD_REQUERIDA,FECHA_REQUERIDA,CANTIDAD_UTILIZADA,FECHA_REGISTRO) values ('7','7','10',to_date('10/01/25','DD/MM/RR'),null,null);
Insert into P_SUMINISTROS_ASIGNADOS (ID_ACTIVIDAD,ID_SUMINISTRO,CANTIDAD_REQUERIDA,FECHA_REQUERIDA,CANTIDAD_UTILIZADA,FECHA_REGISTRO) values ('7','8','10',to_date('10/01/25','DD/MM/RR'),null,null);
Insert into P_SUMINISTROS_ASIGNADOS (ID_ACTIVIDAD,ID_SUMINISTRO,CANTIDAD_REQUERIDA,FECHA_REQUERIDA,CANTIDAD_UTILIZADA,FECHA_REGISTRO) values ('7','9','10',to_date('10/01/25','DD/MM/RR'),null,null);
Insert into P_SUMINISTROS_ASIGNADOS (ID_ACTIVIDAD,ID_SUMINISTRO,CANTIDAD_REQUERIDA,FECHA_REQUERIDA,CANTIDAD_UTILIZADA,FECHA_REGISTRO) values ('7','10','10',to_date('10/01/25','DD/MM/RR'),null,null);
Insert into P_SUMINISTROS_ASIGNADOS (ID_ACTIVIDAD,ID_SUMINISTRO,CANTIDAD_REQUERIDA,FECHA_REQUERIDA,CANTIDAD_UTILIZADA,FECHA_REGISTRO) values ('7','11','10',to_date('10/01/25','DD/MM/RR'),null,null);
Insert into P_SUMINISTROS_ASIGNADOS (ID_ACTIVIDAD,ID_SUMINISTRO,CANTIDAD_REQUERIDA,FECHA_REQUERIDA,CANTIDAD_UTILIZADA,FECHA_REGISTRO) values ('7','12','10',to_date('10/01/25','DD/MM/RR'),null,null);
Insert into P_SUMINISTROS_ASIGNADOS (ID_ACTIVIDAD,ID_SUMINISTRO,CANTIDAD_REQUERIDA,FECHA_REQUERIDA,CANTIDAD_UTILIZADA,FECHA_REGISTRO) values ('7','13','10',to_date('10/01/25','DD/MM/RR'),null,null);
Insert into P_SUMINISTROS_ASIGNADOS (ID_ACTIVIDAD,ID_SUMINISTRO,CANTIDAD_REQUERIDA,FECHA_REQUERIDA,CANTIDAD_UTILIZADA,FECHA_REGISTRO) values ('7','14','10',to_date('10/01/25','DD/MM/RR'),null,null);
Insert into P_SUMINISTROS_ASIGNADOS (ID_ACTIVIDAD,ID_SUMINISTRO,CANTIDAD_REQUERIDA,FECHA_REQUERIDA,CANTIDAD_UTILIZADA,FECHA_REGISTRO) values ('7','15','10',to_date('10/01/25','DD/MM/RR'),null,null);
Insert into P_SUMINISTROS_ASIGNADOS (ID_ACTIVIDAD,ID_SUMINISTRO,CANTIDAD_REQUERIDA,FECHA_REQUERIDA,CANTIDAD_UTILIZADA,FECHA_REGISTRO) values ('7','16','10',to_date('10/01/25','DD/MM/RR'),null,null);
Insert into P_SUMINISTROS_ASIGNADOS (ID_ACTIVIDAD,ID_SUMINISTRO,CANTIDAD_REQUERIDA,FECHA_REQUERIDA,CANTIDAD_UTILIZADA,FECHA_REGISTRO) values ('7','17','10',to_date('10/01/25','DD/MM/RR'),null,null);
Insert into P_SUMINISTROS_ASIGNADOS (ID_ACTIVIDAD,ID_SUMINISTRO,CANTIDAD_REQUERIDA,FECHA_REQUERIDA,CANTIDAD_UTILIZADA,FECHA_REGISTRO) values ('7','18','10',to_date('10/01/25','DD/MM/RR'),null,null);
Insert into P_SUMINISTROS_ASIGNADOS (ID_ACTIVIDAD,ID_SUMINISTRO,CANTIDAD_REQUERIDA,FECHA_REQUERIDA,CANTIDAD_UTILIZADA,FECHA_REGISTRO) values ('7','19','10',to_date('10/01/25','DD/MM/RR'),null,null);
Insert into P_SUMINISTROS_ASIGNADOS (ID_ACTIVIDAD,ID_SUMINISTRO,CANTIDAD_REQUERIDA,FECHA_REQUERIDA,CANTIDAD_UTILIZADA,FECHA_REGISTRO) values ('7','20','10',to_date('10/01/25','DD/MM/RR'),null,null);
Insert into P_SUMINISTROS_ASIGNADOS (ID_ACTIVIDAD,ID_SUMINISTRO,CANTIDAD_REQUERIDA,FECHA_REQUERIDA,CANTIDAD_UTILIZADA,FECHA_REGISTRO) values ('7','21','10',to_date('10/01/25','DD/MM/RR'),null,null);
Insert into P_SUMINISTROS_ASIGNADOS (ID_ACTIVIDAD,ID_SUMINISTRO,CANTIDAD_REQUERIDA,FECHA_REQUERIDA,CANTIDAD_UTILIZADA,FECHA_REGISTRO) values ('2','36','10',to_date('10/01/25','DD/MM/RR'),'5',to_date('06/01/25','DD/MM/RR'));
commit;